iteration,LB,UB,gap,n_cuts
1,30.538850110406738,inf,inf,30
2,30.538850110406738,inf,inf,48
3,30.92592937872822,inf,inf,73
4,30.92592937872822,inf,inf,83
5,30.957896607434954,inf,inf,98
6,30.957896607434954,inf,inf,119
7,31.105828283962616,inf,inf,129
8,31.105828283962616,inf,inf,136
9,31.233029560822928,inf,inf,142
10,31.233029560822928,inf,inf,147
11,31.524975625980616,inf,inf,157
12,31.524975625980616,inf,inf,177
13,32.039958365362864,inf,inf,190
14,32.039958365362864,inf,inf,202
15,32.14806653069493,inf,inf,208
16,32.14806653069493,inf,inf,215
17,32.43268634482669,inf,inf,222
18,32.43268634482669,inf,inf,231
19,32.58047216435899,inf,inf,239
20,32.58047216435899,inf,inf,247
21,32.7635408633593,inf,inf,253
22,32.7635408633593,inf,inf,263
23,32.79779347896965,inf,inf,269
24,32.79779347896965,inf,inf,270
25,33.104583084080666,inf,inf,276
26,33.104583084080666,inf,inf,285
27,33.19921611374763,inf,inf,294
28,33.19921611374763,inf,inf,300
29,33.33083537024575,inf,inf,305
30,33.33083537024575,inf,inf,315
31,33.76884843000004,inf,inf,323
32,33.76884843000004,inf,inf,329
33,33.88996517192884,inf,inf,330
34,33.88996517192884,inf,inf,350
35,33.89741301281698,inf,inf,364
36,33.89741301281698,inf,inf,371
37,34.03889961387276,inf,inf,376
38,34.03889961387276,inf,inf,380
39,34.16699777855432,inf,inf,386
40,34.16699777855432,inf,inf,392
41,34.19008376902388,inf,inf,393
42,34.19008376902388,inf,inf,394
43,34.46588388348475,inf,inf,394
44,34.46588388348475,inf,inf,395
45,34.53635450471074,inf,inf,400
46,34.53635450471074,inf,inf,401
47,34.59891989143267,inf,inf,401
48,34.59891989143267,inf,inf,402
49,34.70132642055218,inf,inf,402
50,34.70132642055218,inf,inf,407
51,34.70740327859523,inf,inf,408
52,34.70740327859523,inf,inf,427
53,34.891418358649794,inf,inf,434
54,34.891418358649794,inf,inf,436
55,34.971073388998924,inf,inf,437
56,34.971073388998924,inf,inf,442
57,35.04745855666665,inf,inf,443
58,35.04745855666665,inf,inf,444
59,35.176449025742016,inf,inf,445
60,35.176449025742016,inf,inf,446
61,35.21655712999998,inf,inf,447
62,35.21655712999998,inf,inf,448
63,35.219332045,inf,inf,449
64,35.219332045,inf,inf,450
65,35.22736040141026,inf,inf,451
66,35.22736040141026,inf,inf,452
67,35.34736014379073,inf,inf,453
68,35.34736014379073,inf,inf,458
69,35.48888985789159,inf,inf,463
70,35.48888985789159,inf,inf,469
71,35.52084121791265,inf,inf,476
72,35.52084121791265,inf,inf,477
73,35.588329313227604,inf,inf,478
74,35.588329313227604,inf,inf,483
75,35.64761161122017,inf,inf,484
76,35.64761161122017,inf,inf,491
77,35.709526830418504,inf,inf,504
78,35.709526830418504,inf,inf,515
79,35.7818894764747,inf,inf,520
80,35.7818894764747,inf,inf,521
81,35.79601725671982,inf,inf,525
82,35.79601725671982,inf,inf,530
83,35.79657496552228,inf,inf,534
84,35.79657496552228,inf,inf,543
85,35.89926991666667,inf,inf,553
86,35.89926991666667,inf,inf,558
87,36.01930981028437,inf,inf,559
88,36.01930981028437,inf,inf,571
89,36.02031733804062,inf,inf,571
90,36.02031733804062,inf,inf,584
91,36.137016347548766,inf,inf,589
92,36.137016347548766,inf,inf,594
93,36.15273097113887,inf,inf,600
94,36.15273097113887,inf,inf,601
95,36.15682203666667,inf,inf,602
96,36.15682203666667,inf,inf,609
97,36.27314670333338,inf,inf,610
98,36.27314670333338,inf,inf,613
99,36.31555504166664,inf,inf,618
100,36.31555504166664,inf,inf,619
101,36.31578359000001,inf,inf,619
102,36.31578359000001,inf,inf,630
103,36.33773402333333,inf,inf,631
104,36.33773402333333,inf,inf,633
105,36.36927606786803,inf,inf,634
106,36.36927606786803,inf,inf,636
107,36.39115298500001,inf,inf,637
108,36.39115298500001,inf,inf,638
109,36.39274140333332,inf,inf,639
110,36.39274140333332,inf,inf,640
111,36.47116584833334,inf,inf,640
112,36.47116584833334,inf,inf,654
113,36.523285858861996,inf,inf,655
114,36.523285858861996,inf,inf,660
115,36.52384588195168,inf,inf,661
116,36.52384588195168,inf,inf,662
117,36.542501757897455,inf,inf,666
118,36.542501757897455,inf,inf,667
119,36.62604857000002,inf,inf,672
120,36.62604857000002,inf,inf,673
121,36.629601198333326,inf,inf,673
122,36.629601198333326,inf,inf,677
123,36.64374453666665,inf,inf,680
124,36.64374453666665,inf,inf,681
125,36.655645822296684,inf,inf,682
126,36.655645822296684,inf,inf,693
127,36.68519359896581,inf,inf,700
128,36.68519359896581,inf,inf,703
129,36.71653778999998,inf,inf,706
130,36.71653778999998,inf,inf,720
131,36.750048716666676,inf,inf,721
132,36.750048716666676,inf,inf,722
133,36.890503553877494,inf,inf,722
134,36.890503553877494,inf,inf,732
135,36.970119523333345,inf,inf,732
136,36.970119523333345,inf,inf,733
137,37.014901397491,inf,inf,734
138,37.014901397491,inf,inf,751
139,37.01578802330411,inf,inf,757
140,37.01578802330411,inf,inf,758
141,37.01655222999999,inf,inf,759
142,37.01655222999999,inf,inf,760
143,37.01751061833332,inf,inf,761
144,37.01751061833332,inf,inf,762
145,37.04112253000001,inf,inf,763
146,37.04112253000001,inf,inf,768
147,37.073310664999994,inf,inf,768
148,37.073310664999994,inf,inf,769
149,37.09376319500005,inf,inf,770
150,37.09376319500005,inf,inf,771
151,37.12223794077212,inf,inf,771
152,37.12223794077212,inf,inf,777
153,37.15220314999998,inf,inf,777
154,37.15220314999998,inf,inf,778
155,37.17030923666666,inf,inf,781
156,37.17030923666666,inf,inf,782
157,37.18702619499998,inf,inf,786
158,37.18702619499998,inf,inf,787
159,37.19070360553093,inf,inf,788
160,37.19070360553093,inf,inf,793
161,37.24771397000002,inf,inf,800
162,37.24771397000002,inf,inf,811
163,37.32136202333332,inf,inf,812
164,37.32136202333332,inf,inf,813
165,37.46420523500001,inf,inf,814
166,37.46420523500001,inf,inf,826
167,37.51111007666669,inf,inf,827
168,37.51111007666669,inf,inf,831
169,37.538813358651275,inf,inf,832
170,37.538813358651275,inf,inf,833
171,37.631328438333334,inf,inf,835
172,37.631328438333334,inf,inf,836
173,37.66398076333331,inf,inf,836
174,37.66398076333331,inf,inf,843
175,37.69432754323973,inf,inf,849
176,37.69432754323973,inf,inf,850
177,37.704829852287574,inf,inf,851
178,37.704829852287574,inf,inf,862
179,37.72473673736195,inf,inf,871
180,37.72473673736195,inf,inf,876
181,37.83246637921288,62.301872966666664,0.392755553280808,878
182,37.83246637921288,62.301872966666664,0.392755553280808,879
183,37.83295544499999,62.301872966666664,0.39274770334365816,880
184,37.83295544499999,62.301872966666664,0.39274770334365816,894
185,37.877176035000005,62.301872966666664,0.3920379238796656,894
186,37.877176035000005,62.301872966666664,0.3920379238796656,895
187,38.07944407166666,62.301872966666664,0.3887913435276612,896
188,38.07944407166666,62.301872966666664,0.3887913435276612,897
189,38.114789291213896,62.301872966666664,0.3882240215858931,897
190,38.114789291213896,62.301872966666664,0.3882240215858931,909
191,38.12940900333334,62.301872966666664,0.38798936231445724,909
192,38.12940900333334,62.301872966666664,0.38798936231445724,916
193,38.199237009999976,62.301872966666664,0.386868561231896,917
194,38.199237009999976,62.301872966666664,0.386868561231896,918
195,38.22188557222224,62.301872966666664,0.386505031836329,919
196,38.22188557222224,62.301872966666664,0.386505031836329,920
197,38.23038890166664,62.301872966666664,0.3863685459003612,921
198,38.23038890166664,62.301872966666664,0.3863685459003612,922
199,38.3077197182277,62.301872966666664,0.385127318102885,926
200,38.3077197182277,62.301872966666664,0.385127318102885,927
201,38.333346240910544,62.301872966666664,0.38471598981590793,928
202,38.333346240910544,62.301872966666664,0.38471598981590793,929
203,38.34129365666668,62.301872966666664,0.3845884267848512,930
204,38.34129365666668,62.301872966666664,0.3845884267848512,931
205,38.34339137333332,62.301872966666664,0.3845547565825483,932
206,38.34339137333332,62.301872966666664,0.3845547565825483,946
207,38.35626380176353,62.301872966666664,0.3843481427551101,946
208,38.35626380176353,62.301872966666664,0.3843481427551101,950
209,38.393549686146216,62.301872966666664,0.3837496714314208,951
210,38.393549686146216,62.301872966666664,0.3837496714314208,957
211,38.42174601666667,62.301872966666664,0.3832970954625484,957
212,38.42174601666667,62.301872966666664,0.3832970954625484,963
213,38.44841319767741,62.301872966666664,0.38286906369173773,963
214,38.44841319767741,62.301872966666664,0.38286906369173773,969
215,38.48657721166667,62.301872966666664,0.3822564976135128,970
216,38.48657721166667,62.301872966666664,0.3822564976135128,970
217,38.500691283333325,62.301872966666664,0.3820299543172269,973
218,38.500691283333325,62.301872966666664,0.3820299543172269,978
219,38.52548637000001,62.301872966666664,0.381631971311484,979
220,38.52548637000001,62.301872966666664,0.381631971311484,987
221,38.61492212333335,62.301872966666664,0.380196448604467,988
222,38.61492212333335,62.301872966666664,0.380196448604467,993
223,38.6492286216462,62.301872966666664,0.37964579905447343,994
224,38.6492286216462,62.301872966666664,0.37964579905447343,996
225,38.690725815237414,62.301872966666664,0.3789797325043809,997
226,38.690725815237414,62.301872966666664,0.3789797325043809,1002
227,38.70374044587719,62.301872966666664,0.3787708362060828,1003
228,38.70374044587719,62.301872966666664,0.3787708362060828,1004
229,38.717989265000014,62.301872966666664,0.37854213009430265,1004
230,38.717989265000014,62.301872966666664,0.37854213009430265,1010
231,38.831887192821824,62.301872966666664,0.3767139679155709,1011
232,38.831887192821824,62.301872966666664,0.3767139679155709,1012
233,38.849346556666674,62.301872966666664,0.3764337297298876,1013
234,38.849346556666674,62.301872966666664,0.3764337297298876,1016
235,38.878384146167946,62.301872966666664,0.37596765081253614,1017
236,38.878384146167946,62.301872966666664,0.37596765081253614,1021
237,38.920155043333345,62.301872966666664,0.3752971910787213,1022
238,38.920155043333345,62.301872966666664,0.3752971910787213,1023
239,39.02600155333332,62.301872966666664,0.3735982612559115,1024
240,39.02600155333332,62.301872966666664,0.3735982612559115,1025
241,39.15204692673636,62.301872966666664,0.37157512186377034,1025
242,39.15204692673636,62.301872966666664,0.37157512186377034,1026
243,39.15887629499997,62.301872966666664,0.3714655044808826,1026
244,39.15887629499997,62.301872966666664,0.3714655044808826,1027
245,39.15894231077341,62.301872966666664,0.371464444869505,1028
246,39.15894231077341,62.301872966666664,0.371464444869505,1029
247,39.24348725666669,62.301872966666664,0.3701074239347008,1030
248,39.24348725666669,62.301872966666664,0.3701074239347008,1031
249,39.24662601833336,62.301872966666664,0.37005704404213563,1032
250,39.24662601833336,62.301872966666664,0.37005704404213563,1033
251,39.27270671424211,62.301872966666664,0.3696384258743848,1034
252,39.27270671424211,62.301872966666664,0.3696384258743848,1039
253,39.29189487833335,62.301872966666664,0.3693304389202605,1045
254,39.29189487833335,62.301872966666664,0.3693304389202605,1046
255,39.33838701666667,62.301872966666664,0.3685841991024272,1046
256,39.33838701666667,62.301872966666664,0.3685841991024272,1052
257,39.383582336282956,62.301872966666664,0.3678587743685598,1052
258,39.383582336282956,62.301872966666664,0.3678587743685598,1053
259,39.39806947999998,62.301872966666664,0.36762624293688395,1054
260,39.39806947999998,62.301872966666664,0.36762624293688395,1055
261,39.41006723666669,62.301872966666664,0.36743366836255087,1056
262,39.41006723666669,62.301872966666664,0.36743366836255087,1057
263,39.5032717733333,62.301872966666664,0.36593765335965556,1058
264,39.5032717733333,62.301872966666664,0.36593765335965556,1059
265,39.531572043333306,62.301872966666664,0.36548340907048077,1059
266,39.531572043333306,62.301872966666664,0.36548340907048077,1060
267,39.598715864999996,62.301872966666664,0.36440569152413005,1061
268,39.598715864999996,62.301872966666664,0.36440569152413005,1062
269,39.68827255833335,62.301872966666664,0.36296822762346576,1062
270,39.68827255833335,62.301872966666664,0.36296822762346576,1063
271,39.69246134166666,62.301872966666664,0.3629009939572235,1070
272,39.69246134166666,62.301872966666664,0.3629009939572235,1071
273,39.74413585666669,62.301872966666664,0.3620715724239788,1072
274,39.74413585666669,62.301872966666664,0.3620715724239788,1073
275,39.75697209499999,62.301872966666664,0.3618655394795091,1074
276,39.75697209499999,62.301872966666664,0.3618655394795091,1077
277,39.771083016666644,62.301872966666664,0.3616390467435009,1077
278,39.771083016666644,62.301872966666664,0.3616390467435009,1078
279,39.79033028857977,62.301872966666664,0.3613301110567131,1079
280,39.79033028857977,62.301872966666664,0.3613301110567131,1083
281,39.81492756833336,62.301872966666664,0.36093530302635496,1088
282,39.81492756833336,62.301872966666664,0.36093530302635496,1089
283,39.83427848333333,62.301872966666664,0.360624703776629,1089
284,39.83427848333333,62.301872966666664,0.360624703776629,1095
285,39.83978964216331,62.301872966666664,0.3605362448175712,1096
286,39.83978964216331,62.301872966666664,0.3605362448175712,1100
287,39.93265117666668,62.301872966666664,0.35904573530186124,1100
288,39.93265117666668,62.301872966666664,0.35904573530186124,1100
289,40.01913233999998,62.301872966666664,0.35765763636975423,1101
290,40.01913233999998,62.301872966666664,0.35765763636975423,1102
291,40.13234796166668,62.301872966666664,0.35584042580648145,1103
292,40.13234796166668,62.301872966666664,0.35584042580648145,1103
293,40.13792879666664,62.301872966666664,0.35575084848345384,1109
294,40.13792879666664,62.301872966666664,0.35575084848345384,1110
295,40.166177050000016,62.301872966666664,0.35529743910764766,1110
296,40.166177050000016,62.301872966666664,0.35529743910764766,1111
297,40.180050669999986,62.301872966666664,0.35507475527264654,1112
298,40.180050669999986,62.301872966666664,0.35507475527264654,1113
299,40.251795360753434,62.301872966666664,0.35392318972032627,1114
300,40.251795360753434,62.301872966666664,0.35392318972032627,1120
301,40.26251543974817,62.301872966666664,0.3537511229993069,1121
302,40.26251543974817,62.301872966666664,0.3537511229993069,1122
303,40.304824513333315,62.301872966666664,0.35307202505938173,1123
304,40.304824513333315,62.301872966666664,0.35307202505938173,1124
305,40.310331244999986,62.301872966666664,0.35298363716019904,1125
306,40.310331244999986,62.301872966666664,0.35298363716019904,1130
307,40.363422991666724,62.301872966666664,0.35213146780896387,1131
308,40.363422991666724,62.301872966666664,0.35213146780896387,1132
309,40.55102998999995,62.301872966666664,0.349120210050572,1132
310,40.55102998999995,62.301872966666664,0.349120210050572,1133
311,40.58206840313022,62.301872966666664,0.34862201614961363,1133
312,40.58206840313022,62.301872966666664,0.34862201614961363,1134
313,40.58451972289251,62.301872966666664,0.34858267030581214,1135
314,40.58451972289251,62.301872966666664,0.34858267030581214,1149
315,40.65804563000002,62.301872966666664,0.3474025146603013,1149
316,40.65804563000002,62.301872966666664,0.3474025146603013,1149
317,40.69893582666666,62.301872966666664,0.3467461909461086,1149
318,40.69893582666666,62.301872966666664,0.3467461909461086,1154
319,40.89488731314522,62.301872966666664,0.343600996794668,1154
320,40.89488731314522,62.301872966666664,0.343600996794668,1155
321,40.94524151,62.301872966666664,0.3427927675319342,1156
322,40.94524151,62.301872966666664,0.3427927675319342,1157
323,41.02294266999998,62.301872966666664,0.341545595395688,1157
324,41.02294266999998,62.301872966666664,0.341545595395688,1158
325,41.169834314999996,62.301872966666664,0.3391878549618072,1159
326,41.169834314999996,62.301872966666664,0.3391878549618072,1160
327,41.22389675000001,62.301872966666664,0.33832010520685296,1165
328,41.22389675000001,62.301872966666664,0.33832010520685296,1166
329,41.27041339000002,62.301872966666664,0.33757347211566324,1167
330,41.27041339000002,62.301872966666664,0.33757347211566324,1173
331,41.277980813333315,62.301872966666664,0.3374520082980772,1174
332,41.277980813333315,62.301872966666664,0.3374520082980772,1175
333,41.29591510833332,62.301872966666664,0.337164147048551,1176
334,41.29591510833332,62.301872966666664,0.337164147048551,1177
335,41.38364842551637,62.301872966666664,0.33575594994298424,1178
336,41.38364842551637,62.301872966666664,0.33575594994298424,1179
337,41.44221984333333,62.301872966666664,0.3348158270377178,1180
338,41.44221984333333,62.301872966666664,0.3348158270377178,1180
339,41.451661728152104,62.301872966666664,0.3346642764603568,1181
340,41.451661728152104,62.301872966666664,0.3346642764603568,1193
341,41.498026755431994,62.301872966666664,0.33392007688701975,1193
342,41.498026755431994,62.301872966666664,0.33392007688701975,1198
343,41.551414695000005,62.301872966666664,0.3330631533785311,1200
344,41.551414695000005,62.301872966666664,0.3330631533785311,1201
345,41.56377556859023,62.301872966666664,0.3328647504573727,1202
346,41.56377556859023,62.301872966666664,0.3328647504573727,1203
347,41.61826739066663,62.301872966666664,0.33199010866120143,1203
348,41.61826739066663,62.301872966666664,0.33199010866120143,1208
349,41.660428963239426,62.301872966666664,0.33131337824259344,1209
350,41.660428963239426,62.301872966666664,0.33131337824259344,1210
351,41.70786306817156,62.301872966666664,0.3305520190302064,1215
352,41.70786306817156,62.301872966666664,0.3305520190302064,1221
353,41.71705837833332,62.301872966666664,0.33040442619352434,1225
354,41.71705837833332,62.301872966666664,0.33040442619352434,1226
355,41.78673679000005,62.301872966666664,0.32928602624262704,1226
356,41.78673679000005,62.301872966666664,0.32928602624262704,1227
357,41.79198617000003,62.301872966666664,0.32920176906463194,1227
358,41.79198617000003,62.301872966666664,0.32920176906463194,1234
359,41.79325020166664,62.301872966666664,0.32918148024173755,1235
360,41.79325020166664,62.301872966666664,0.32918148024173755,1244
361,41.829841186666684,62.301872966666664,0.32859416266591407,1245
362,41.829841186666684,62.301872966666664,0.32859416266591407,1246
363,41.96805192333331,62.301872966666664,0.32637575846576145,1246
364,41.96805192333331,62.301872966666664,0.32637575846576145,1247
365,41.969871662428744,62.301872966666664,0.3263465500486019,1248
366,41.969871662428744,62.301872966666664,0.3263465500486019,1255
367,42.001335036666646,62.301872966666664,0.325841535147128,1255
368,42.001335036666646,62.301872966666664,0.325841535147128,1260
369,42.023911349999956,62.301872966666664,0.32547916540993904,1261
370,42.023911349999956,62.301872966666664,0.32547916540993904,1262
371,42.03125455000002,62.301872966666664,0.32536130057457535,1263
372,42.03125455000002,62.301872966666664,0.32536130057457535,1264
373,42.05092080166664,62.301872966666664,0.3250456398932802,1265
374,42.05092080166664,62.301872966666664,0.3250456398932802,1265
375,42.07009181833334,62.301872966666664,0.3247379281704408,1266
376,42.07009181833334,62.301872966666664,0.3247379281704408,1267
377,42.11671253500001,62.301872966666664,0.3239896245569745,1268
378,42.11671253500001,62.301872966666664,0.3239896245569745,1268
379,42.18512889833332,62.301872966666664,0.322891481594725,1274
380,42.18512889833332,62.301872966666664,0.322891481594725,1285
381,42.18823369666666,62.301872966666664,0.3228416468436093,1285
382,42.18823369666666,62.301872966666664,0.3228416468436093,1291
383,42.20782331000001,62.301872966666664,0.32252721627514414,1292
384,42.20782331000001,62.301872966666664,0.32252721627514414,1296
385,42.232993143333346,62.301872966666664,0.32212321825494333,1297
386,42.232993143333346,62.301872966666664,0.32212321825494333,1298
387,42.27730278627042,62.301872966666664,0.32141200941278253,1299
388,42.27730278627042,62.301872966666664,0.32141200941278253,1301
389,42.28641946959249,62.301872966666664,0.3212656786062119,1302
390,42.28641946959249,62.301872966666664,0.3212656786062119,1307
391,42.312514764201666,62.301872966666664,0.3208468261164459,1308
392,42.312514764201666,62.301872966666664,0.3208468261164459,1309
393,42.343958029999975,62.301872966666664,0.32034213397315936,1310
394,42.343958029999975,62.301872966666664,0.32034213397315936,1313
395,42.388460456666664,62.301872966666664,0.31962783078213813,1314
396,42.388460456666664,62.301872966666664,0.31962783078213813,1319
397,42.41731017000002,62.301872966666664,0.31916476744295424,1319
398,42.41731017000002,62.301872966666664,0.31916476744295424,1319
399,42.442303989999985,62.301872966666664,0.3187635945919657,1320
400,42.442303989999985,62.301872966666664,0.3187635945919657,1321
401,42.462466892326844,62.301872966666664,0.31843996222961846,1321
402,42.462466892326844,62.301872966666664,0.31843996222961846,1322
403,42.4683820116667,62.301872966666664,0.3183450193481578,1323
404,42.4683820116667,62.301872966666664,0.3183450193481578,1325
405,42.48511054999997,62.301872966666664,0.31807651155639,1325
406,42.48511054999997,62.301872966666664,0.31807651155639,1326
407,42.512537118333356,62.301872966666664,0.3176362909494099,1327
408,42.512537118333356,62.301872966666664,0.3176362909494099,1328
409,42.54377040333335,62.301872966666664,0.3171349691831012,1329
410,42.54377040333335,62.301872966666664,0.3171349691831012,1330
411,42.551171550000014,62.301872966666664,0.31701617425264017,1331
412,42.551171550000014,62.301872966666664,0.31701617425264017,1332
413,42.577654002157495,62.301872966666664,0.3165911075428215,1332
414,42.577654002157495,62.301872966666664,0.3165911075428215,1339
415,42.615186144999996,62.301872966666664,0.3159886835536971,1340
416,42.615186144999996,62.301872966666664,0.3159886835536971,1341
417,42.62445839000003,62.301872966666664,0.31583985584501817,1341
418,42.62445839000003,62.301872966666664,0.31583985584501817,1343
419,42.70377749666664,62.301872966666664,0.3145667142380388,1344
420,42.70377749666664,62.301872966666664,0.3145667142380388,1345
421,42.71213917666669,62.301872966666664,0.3144325019005618,1346
422,42.71213917666669,62.301872966666664,0.3144325019005618,1347
423,42.71860352333336,62.301872966666664,0.31432874343618744,1347
424,42.71860352333336,62.301872966666664,0.31432874343618744,1355
425,42.74194192333334,62.301872966666664,0.31395414153597695,1356
426,42.74194192333334,62.301872966666664,0.31395414153597695,1357
427,42.75924273499997,62.301872966666664,0.3136764482525682,1358
428,42.75924273499997,62.301872966666664,0.3136764482525682,1365
429,42.796094903333305,62.301872966666664,0.3130849384539294,1366
430,42.796094903333305,62.301872966666664,0.3130849384539294,1367
431,42.80583180333332,62.301872966666664,0.3129286526227599,1367
432,42.80583180333332,62.301872966666664,0.3129286526227599,1372
433,42.80970273,62.301872966666664,0.31286652083630856,1372
434,42.80970273,62.301872966666664,0.31286652083630856,1374
435,42.83166548333338,62.301872966666664,0.3125139992781664,1375
436,42.83166548333338,62.301872966666664,0.3125139992781664,1376
437,42.83860670499999,62.301872966666664,0.3124025865495263,1376
438,42.83860670499999,62.301872966666664,0.3124025865495263,1377
439,42.88768958333334,62.301872966666664,0.31161476307013247,1378
440,42.88768958333334,62.301872966666664,0.31161476307013247,1379
441,42.90826812166668,62.301872966666664,0.31128445938336613,1379
442,42.90826812166668,62.301872966666664,0.31128445938336613,1379
443,42.91819863206882,62.301872966666664,0.3111250659345134,1380
444,42.91819863206882,62.301872966666664,0.3111250659345134,1387
445,42.92643724166665,62.301872966666664,0.3109928289855177,1387
446,42.92643724166665,62.301872966666664,0.3109928289855177,1388
447,42.93455274532789,62.301872966666664,0.3108625679953612,1388
448,42.93455274532789,62.301872966666664,0.3108625679953612,1389
449,42.96644108085047,62.301872966666664,0.3103507320905299,1390
450,42.96644108085047,62.301872966666664,0.3103507320905299,1391
451,43.00326136333331,62.301872966666664,0.3097597340879091,1392
452,43.00326136333331,62.301872966666664,0.3097597340879091,1393
453,43.07549275705542,62.301872966666664,0.3086003565237585,1394
454,43.07549275705542,62.301872966666664,0.3086003565237585,1403
455,43.09403929666666,62.301872966666664,0.308302668208334,1403
456,43.09403929666666,62.301872966666664,0.308302668208334,1403
457,43.14978085166665,62.301872966666664,0.3074079670967027,1404
458,43.14978085166665,62.301872966666664,0.3074079670967027,1411
459,43.15673609833332,62.301872966666664,0.30729632925444406,1411
460,43.15673609833332,62.301872966666664,0.30729632925444406,1412
461,43.18082704166666,62.301872966666664,0.3069096483701273,1412
462,43.18082704166666,62.301872966666664,0.3069096483701273,1413
463,43.20095020149104,62.301872966666664,0.30658665390999046,1413
464,43.20095020149104,62.301872966666664,0.30658665390999046,1421
465,43.219816630000025,62.301872966666664,0.3062838310956735,1422
466,43.219816630000025,62.301872966666664,0.3062838310956735,1422
467,43.324469813333366,62.301872966666664,0.30460405521815964,1423
468,43.324469813333366,62.301872966666664,0.30460405521815964,1424
469,43.332556037834934,62.301872966666664,0.30447426418433476,1425
470,43.332556037834934,62.301872966666664,0.30447426418433476,1426
471,43.34718062333334,62.301872966666664,0.30423952669086923,1430
472,43.34718062333334,62.301872966666664,0.30423952669086923,1431
473,43.38855390499994,62.301872966666664,0.3035754490364344,1432
474,43.38855390499994,62.301872966666664,0.3035754490364344,1433
475,43.41777290333333,62.301872966666664,0.30310645834735794,1433
476,43.41777290333333,62.301872966666664,0.30310645834735794,1434
477,43.435919079359174,62.301872966666664,0.30281519622052666,1435
478,43.435919079359174,62.301872966666664,0.30281519622052666,1436
479,43.43690063662115,62.301872966666664,0.3027994413609176,1437
480,43.43690063662115,62.301872966666664,0.3027994413609176,1439
481,43.49960891399999,62.301872966666664,0.30179291821172755,1440
482,43.49960891399999,62.301872966666664,0.30179291821172755,1441
483,43.51647244666669,62.301872966666664,0.30152224364186797,1442
484,43.51647244666669,62.301872966666664,0.30152224364186797,1443
485,43.53924072194438,62.301872966666664,0.30115679274619633,1448
486,43.53924072194438,62.301872966666664,0.30115679274619633,1449
487,43.55117175666668,62.301872966666664,0.30096528911790754,1450
488,43.55117175666668,62.301872966666664,0.30096528911790754,1450
489,43.575785890000006,62.301872966666664,0.300570210572733,1451
490,43.575785890000006,62.301872966666664,0.300570210572733,1457
491,43.58130212999997,62.301872966666664,0.3004816700564163,1458
492,43.58130212999997,62.301872966666664,0.3004816700564163,1459
493,43.61064096993009,62.301872966666664,0.3000107558040339,1460
494,43.61064096993009,62.301872966666664,0.3000107558040339,1461
495,43.68209761166667,62.301872966666664,0.298863813692441,1462
496,43.68209761166667,62.301872966666664,0.298863813692441,1468
497,43.68227628999999,62.301872966666664,0.29886094574762956,1469
498,43.68227628999999,62.301872966666664,0.29886094574762956,1469
499,43.69418609000002,62.301872966666664,0.29866978295535845,1469
500,43.69418609000002,62.301872966666664,0.29866978295535845,1470
501,43.75006313,62.301872966666664,0.2977729071900042,1471
502,43.75006313,62.301872966666664,0.2977729071900042,1476
503,43.75616104080224,62.301872966666664,0.2976750303443835,1477
504,43.75616104080224,62.301872966666664,0.2976750303443835,1477
505,43.79310839683646,62.301872966666664,0.29708199269920726,1477
506,43.79310839683646,62.301872966666664,0.29708199269920726,1482
507,43.857934184999976,62.301872966666664,0.2960414816346651,1482
508,43.857934184999976,62.301872966666664,0.2960414816346651,1483
509,43.871524025,62.301872966666664,0.2958233527189053,1484
510,43.871524025,62.301872966666664,0.2958233527189053,1485
511,43.93618419833331,62.301872966666664,0.29478549991843006,1489
512,43.93618419833331,62.301872966666664,0.29478549991843006,1490
513,43.944977669999986,62.301872966666664,0.29464435694394225,1496
514,43.944977669999986,62.301872966666664,0.29464435694394225,1497
515,43.94810841666671,62.301872966666664,0.2945941056991939,1498
516,43.94810841666671,62.301872966666664,0.2945941056991939,1505
517,43.94843067175708,62.301872966666664,0.2945889332208233,1506
518,43.94843067175708,62.301872966666664,0.2945889332208233,1507
519,43.97855397,62.301872966666664,0.2941054277207714,1514
520,43.97855397,62.301872966666664,0.2941054277207714,1516
521,43.98146905,62.301872966666664,0.2940586381162027,1516
522,43.98146905,62.301872966666664,0.2940586381162027,1517
523,43.99317116333334,62.301872966666664,0.2938708088780736,1518
524,43.99317116333334,62.301872966666664,0.2938708088780736,1519
525,43.9935364166667,62.301872966666664,0.29386494623998644,1520
526,43.9935364166667,62.301872966666664,0.29386494623998644,1521
527,43.99416605666666,62.301872966666664,0.2938548399627595,1522
528,43.99416605666666,62.301872966666664,0.2938548399627595,1522
529,43.99443760500003,62.301872966666664,0.2938504813725528,1523
530,43.99443760500003,62.301872966666664,0.2938504813725528,1527
531,44.01826469500005,62.301872966666664,0.29346803556690637,1531
532,44.01826469500005,62.301872966666664,0.29346803556690637,1542
533,44.030772625,62.301872966666664,0.293267272260695,1543
534,44.030772625,62.301872966666664,0.293267272260695,1544
535,44.044260903333324,62.301872966666664,0.2930507734992446,1545
536,44.044260903333324,62.301872966666664,0.2930507734992446,1550
537,44.046867863333325,62.301872966666664,0.29300892949238144,1551
538,44.046867863333325,62.301872966666664,0.29300892949238144,1552
539,44.04809009000003,62.301872966666664,0.2929893116765999,1553
540,44.04809009000003,62.301872966666664,0.2929893116765999,1554
541,44.054510436666675,62.301872966666664,0.2928862594510259,1555
542,44.054510436666675,62.301872966666664,0.2928862594510259,1556
543,44.123516536666656,62.301872966666664,0.2917786506952361,1557
544,44.123516536666656,62.301872966666664,0.2917786506952361,1558
545,44.13647538166669,62.301872966666664,0.2915706498056486,1559
546,44.13647538166669,62.301872966666664,0.2915706498056486,1564
547,44.14090082663664,62.301872966666664,0.29149961751144593,1565
548,44.14090082663664,62.301872966666664,0.29149961751144593,1572
549,44.22072189666667,62.301872966666664,0.2902184189498435,1573
550,44.22072189666667,62.301872966666664,0.2902184189498435,1574
551,44.23108470333332,62.301872966666664,0.2900520867647389,1575
552,44.23108470333332,62.301872966666664,0.2900520867647389,1576
553,44.2404992733333,62.301872966666664,0.28990097461430625,1577
554,44.2404992733333,62.301872966666664,0.28990097461430625,1577
555,44.317856323333366,62.301872966666664,0.2886593257470008,1577
556,44.317856323333366,62.301872966666664,0.2886593257470008,1578
557,44.32112561011958,62.301872966666664,0.28860685081116766,1579
558,44.32112561011958,62.301872966666664,0.28860685081116766,1579
559,44.36032615333333,62.301872966666664,0.28797764752485994,1579
560,44.36032615333333,62.301872966666664,0.28797764752485994,1579
561,44.378783813333314,62.301872966666664,0.2876813858055717,1579
562,44.378783813333314,62.301872966666664,0.2876813858055717,1579
563,44.37998616170241,62.301872966666664,0.28766208705399576,1579
564,44.37998616170241,62.301872966666664,0.28766208705399576,1585
565,44.39174783666665,62.301872966666664,0.2874733017991683,1586
566,44.39174783666665,62.301872966666664,0.2874733017991683,1587
567,44.41366963000002,62.301872966666664,0.28712143768514564,1587
568,44.41366963000002,62.301872966666664,0.28712143768514564,1588
569,44.45603773666667,62.301872966666664,0.2864413922122059,1588
570,44.45603773666667,62.301872966666664,0.2864413922122059,1589
571,44.46898714333337,62.301872966666664,0.2862335428161913,1590
572,44.46898714333337,62.301872966666664,0.2862335428161913,1591
573,44.540457064377875,62.301872966666664,0.2850863875599963,1592
574,44.540457064377875,62.301872966666664,0.2850863875599963,1593
575,44.55683330999999,62.301872966666664,0.2848235343769006,1594
576,44.55683330999999,62.301872966666664,0.2848235343769006,1595
577,44.59161128999998,62.301872966666664,0.2842653171300676,1595
578,44.59161128999998,62.301872966666664,0.2842653171300676,1602
579,44.59364760333333,62.301872966666664,0.2842326325054105,1602
580,44.59364760333333,62.301872966666664,0.2842326325054105,1602
581,44.633244595,62.301872966666664,0.28359706587183825,1603
582,44.633244595,62.301872966666664,0.28359706587183825,1604
583,44.636102046666664,62.301872966666664,0.2835512012528372,1605
584,44.636102046666664,62.301872966666664,0.2835512012528372,1606
585,44.67139765666667,62.301872966666664,0.2829846755880488,1606
586,44.67139765666667,62.301872966666664,0.2829846755880488,1606
587,44.68131115104512,62.301872966666664,0.2828255552613813,1606
588,44.68131115104512,62.301872966666664,0.2828255552613813,1609
589,44.70145969499997,62.301872966666664,0.2825021533635664,1610
590,44.70145969499997,62.301872966666664,0.2825021533635664,1611
591,44.70229333166671,62.301872966666664,0.2824887727599497,1611
592,44.70229333166671,62.301872966666664,0.2824887727599497,1612
593,44.793415156000016,62.301872966666664,0.28102618712657623,1613
594,44.793415156000016,62.301872966666664,0.28102618712657623,1614
595,44.83048113000001,62.301872966666664,0.28043124555844995,1615
596,44.83048113000001,62.301872966666664,0.28043124555844995,1615
597,44.834060880910876,62.301872966666664,0.28037378739964336,1616
598,44.834060880910876,62.301872966666664,0.28037378739964336,1622
599,44.83480179000001,62.301872966666664,0.2803618951554162,1628
600,44.83480179000001,62.301872966666664,0.2803618951554162,1628
601,44.849194446666644,62.301872966666664,0.2801308803242194,1629
602,44.849194446666644,62.301872966666664,0.2801308803242194,1629
603,44.87501826166661,62.301872966666664,0.27971638532157667,1629
604,44.87501826166661,62.301872966666664,0.27971638532157667,1636
605,44.8943108154313,62.301872966666664,0.279406722821141,1636
606,44.8943108154313,62.301872966666664,0.279406722821141,1637
607,44.906640585000005,62.301872966666664,0.279208819146956,1638
608,44.906640585000005,62.301872966666664,0.279208819146956,1639
609,45.022647281666664,62.301872966666664,0.27734680936871503,1640
610,45.022647281666664,62.301872966666664,0.27734680936871503,1641
611,45.03334623833334,62.301872966666664,0.2771750816796872,1642
612,45.03334623833334,62.301872966666664,0.2771750816796872,1643
613,45.04857745,62.301872966666664,0.27693060730128743,1649
614,45.04857745,62.301872966666664,0.27693060730128743,1650
615,45.04876659333336,62.301872966666664,0.2769275713839971,1651
616,45.04876659333336,62.301872966666664,0.2769275713839971,1651
617,45.06297065666668,62.301872966666664,0.27669958364210506,1652
618,45.06297065666668,62.301872966666664,0.27669958364210506,1653
619,45.069849056666655,62.301872966666664,0.2765891792566116,1659
620,45.069849056666655,62.301872966666664,0.2765891792566116,1660
621,45.079798856666656,62.301872966666664,0.2764294761927033,1661
622,45.079798856666656,62.301872966666664,0.2764294761927033,1664
623,45.09674719064383,62.301872966666664,0.2761574404870313,1665
624,45.09674719064383,62.301872966666664,0.2761574404870313,1670
625,45.12771295666668,62.301872966666664,0.27566041263620866,1671
626,45.12771295666668,62.301872966666664,0.27566041263620866,1672
627,45.13182225666665,62.301872966666664,0.27559445474755623,1673
628,45.13182225666665,62.301872966666664,0.27559445474755623,1674
629,45.18841681333332,62.301872966666664,0.2746860622069829,1675
630,45.18841681333332,62.301872966666664,0.2746860622069829,1675
631,45.190150673333314,62.301872966666664,0.2746582322250348,1676
632,45.190150673333314,62.301872966666664,0.2746582322250348,1682
633,45.20380429500001,62.301872966666664,0.2744390795572811,1687
634,45.20380429500001,62.301872966666664,0.2744390795572811,1694
635,45.221600248333345,62.301872966666664,0.27415343881349713,1695
636,45.221600248333345,62.301872966666664,0.27415343881349713,1696
637,45.267186445000014,62.301872966666664,0.2734217401582888,1697
638,45.267186445000014,62.301872966666664,0.2734217401582888,1698
639,45.287237983774546,62.301872966666664,0.2730998952791588,1699
640,45.287237983774546,62.301872966666664,0.2730998952791588,1711
641,45.30615491000002,62.301872966666664,0.2727962619319624,1712
642,45.30615491000002,62.301872966666664,0.2727962619319624,1712
643,45.31087495333334,62.301872966666664,0.27272050107424556,1712
644,45.31087495333334,62.301872966666664,0.27272050107424556,1712
645,45.3572070033333,62.301872966666664,0.2719768308153313,1713
646,45.3572070033333,62.301872966666664,0.2719768308153313,1714
647,45.36758788666668,62.301872966666664,0.2718102084837854,1715
648,45.36758788666668,62.301872966666664,0.2718102084837854,1716
649,45.37653655666668,62.301872966666664,0.27166657443919123,1716
650,45.37653655666668,62.301872966666664,0.27166657443919123,1722
651,45.396716713333305,62.301872966666664,0.2713426651294756,1723
652,45.396716713333305,62.301872966666664,0.2713426651294756,1723
653,45.39680503833335,62.301872966666664,0.27134124743533833,1723
654,45.39680503833335,62.301872966666664,0.27134124743533833,1724
655,45.421661423333376,62.301872966666664,0.27094228053729136,1724
656,45.421661423333376,62.301872966666664,0.27094228053729136,1725
657,45.43294773000002,62.301872966666664,0.27076112536282837,1726
658,45.43294773000002,62.301872966666664,0.27076112536282837,1727
659,45.44740080333335,62.301872966666664,0.2705291407908547,1728
660,45.44740080333335,62.301872966666664,0.2705291407908547,1728
661,45.47444498666666,62.301872966666664,0.2700950578003196,1728
662,45.47444498666666,62.301872966666664,0.2700950578003196,1729
663,45.47449647000006,62.301872966666664,0.2700942314474196,1730
664,45.47449647000006,62.301872966666664,0.2700942314474196,1731
665,45.506653247407826,62.301872966666664,0.26957808681361434,1732
666,45.506653247407826,62.301872966666664,0.26957808681361434,1733
667,45.52417125000001,62.301872966666664,0.26929690742432766,1734
668,45.52417125000001,62.301872966666664,0.26929690742432766,1739
669,45.52923854845132,62.301872966666664,0.2692155728157515,1740
670,45.52923854845132,62.301872966666664,0.2692155728157515,1741
671,45.5362290566667,62.301872966666664,0.2691033689945418,1742
672,45.5362290566667,62.301872966666664,0.2691033689945418,1743
673,45.55822040004855,62.301872966666664,0.26875038854091055,1744
674,45.55822040004855,62.301872966666664,0.26875038854091055,1744
675,45.596490508201335,62.301872966666664,0.2681361195578053,1744
676,45.596490508201335,62.301872966666664,0.2681361195578053,1745
677,45.602836048333316,62.301872966666664,0.26803426804307834,1746
678,45.602836048333316,62.301872966666664,0.26803426804307834,1746
679,45.60729275833331,62.301872966666664,0.26796273391757336,1747
680,45.60729275833331,62.301872966666664,0.26796273391757336,1747
681,45.61704418590314,62.301872966666664,0.2678062149060976,1747
682,45.61704418590314,62.301872966666664,0.2678062149060976,1747
683,45.62630259666668,62.301872966666664,0.26765760924911364,1749
684,45.62630259666668,62.301872966666664,0.26765760924911364,1750
685,45.627822845029776,62.301872966666664,0.2676332079223043,1751
686,45.627822845029776,62.301872966666664,0.2676332079223043,1758
687,45.63451866752809,62.301872966666664,0.26752573406671254,1759
688,45.63451866752809,62.301872966666664,0.26752573406671254,1764
689,45.638864300375275,62.301872966666664,0.2674559828274599,1765
690,45.638864300375275,62.301872966666664,0.2674559828274599,1772
691,45.720090366847685,62.301872966666664,0.2661522328340068,1772
692,45.720090366847685,62.301872966666664,0.2661522328340068,1776
693,45.72830644166663,62.301872966666664,0.26602035758808373,1781
694,45.72830644166663,62.301872966666664,0.26602035758808373,1781
695,45.73715205340211,62.301872966666664,0.26587837771951356,1781
696,45.73715205340211,62.301872966666664,0.26587837771951356,1786
697,45.776318110000034,62.301872966666664,0.26524972797380086,1790
698,45.776318110000034,62.301872966666664,0.26524972797380086,1791
699,45.78740779666663,62.301872966666664,0.2650717287237217,1792
700,45.78740779666663,62.301872966666664,0.2650717287237217,1793
701,45.79207768999997,62.301872966666664,0.26499677281772765,1794
702,45.79207768999997,62.301872966666664,0.26499677281772765,1795
703,45.79588035090005,62.301872966666664,0.26493573675702825,1796
704,45.79588035090005,62.301872966666664,0.26493573675702825,1797
705,45.83928747166665,62.301872966666664,0.2642390141915634,1798
706,45.83928747166665,62.301872966666664,0.2642390141915634,1798
707,45.845802043333364,62.301872966666664,0.26413444957164905,1798
708,45.845802043333364,62.301872966666664,0.26413444957164905,1798
709,45.85529920999999,62.301872966666664,0.2639820116718814,1799
710,45.85529920999999,62.301872966666664,0.2639820116718814,1799
711,45.86535306166664,62.301872966666664,0.2638206384869689,1799
712,45.86535306166664,62.301872966666664,0.2638206384869689,1799
713,45.88184555500003,62.301872966666664,0.2635559194255979,1801
714,45.88184555500003,62.301872966666664,0.2635559194255979,1807
715,45.91885238653582,62.301872966666664,0.26296192714617495,1808
716,45.91885238653582,62.301872966666664,0.26296192714617495,1809
717,45.92755740996253,62.301872966666664,0.2628222038439338,1810
718,45.92755740996253,62.301872966666664,0.2628222038439338,1814
719,45.929732939999965,62.301872966666664,0.2627872846684124,1820
720,45.929732939999965,62.301872966666664,0.2627872846684124,1821
721,45.94272455666667,62.301872966666664,0.2625787577646762,1822
722,45.94272455666667,62.301872966666664,0.2625787577646762,1825
723,45.950314798333366,62.301872966666664,0.2624569276927174,1825
724,45.950314798333366,62.301872966666664,0.2624569276927174,1825
725,45.95135341166667,62.301872966666664,0.26244025703285034,1826
726,45.95135341166667,62.301872966666664,0.26244025703285034,1827
727,45.98005565666668,62.301872966666664,0.2619795606904569,1828
728,45.98005565666668,62.301872966666664,0.2619795606904569,1833
729,46.042415318314106,62.301872966666664,0.26097863313117164,1834
730,46.042415318314106,62.301872966666664,0.26097863313117164,1835
731,46.05122338999999,62.301872966666664,0.260837255813501,1838
732,46.05122338999999,62.301872966666664,0.260837255813501,1838
733,46.051380811666704,62.301872966666664,0.26083472905693306,1838
734,46.051380811666704,62.301872966666664,0.26083472905693306,1838
735,46.07123713666667,62.301872966666664,0.26051601753102777,1839
736,46.07123713666667,62.301872966666664,0.26051601753102777,1840
737,46.07712090333334,62.301872966666664,0.260421577887619,1840
738,46.07712090333334,62.301872966666664,0.260421577887619,1846
739,46.07932153494349,62.301872966666664,0.26038625580972047,1847
740,46.07932153494349,62.301872966666664,0.26038625580972047,1852
741,46.09223451000001,62.301872966666664,0.2601789911731753,1853
742,46.09223451000001,62.301872966666664,0.2601789911731753,1854
743,46.096467736666646,62.301872966666664,0.26011104415224223,1854
744,46.096467736666646,62.301872966666664,0.26011104415224223,1855
745,46.112003130829706,62.301872966666664,0.25986168737654186,1856
746,46.112003130829706,62.301872966666664,0.25986168737654186,1867
747,46.12658782474743,62.301872966666664,0.2596275901781233,1868
748,46.12658782474743,62.301872966666664,0.2596275901781233,1869
749,46.14073202601944,62.301872966666664,0.25940056327510264,1870
750,46.14073202601944,62.301872966666664,0.25940056327510264,1871
751,46.166508806666656,62.301872966666664,0.2589868232152973,1872
752,46.166508806666656,62.301872966666664,0.2589868232152973,1873
753,46.17784119833334,62.301872966666664,0.25880492833594515,1874
754,46.17784119833334,62.301872966666664,0.25880492833594515,1875
755,46.18393642166669,62.301872966666664,0.25870709462657004,1876
756,46.18393642166669,62.301872966666664,0.25870709462657004,1877
757,46.188082711951225,62.301872966666664,0.2586405430112316,1877
758,46.188082711951225,62.301872966666664,0.2586405430112316,1878
759,46.22311659666667,62.301872966666664,0.2580782182680543,1879
760,46.22311659666667,62.301872966666664,0.2580782182680543,1880
761,46.23255174333334,62.301872966666664,0.2579267758439764,1881
762,46.23255174333334,62.301872966666664,0.2579267758439764,1882
763,46.23983772582288,62.301872966666664,0.25780982940011204,1882
764,46.23983772582288,62.301872966666664,0.25780982940011204,1883
765,46.26425969,62.301872966666664,0.2574178353393526,1884
766,46.26425969,62.301872966666664,0.2574178353393526,1885
767,46.3452741233333,62.301872966666664,0.25611748224440406,1886
768,46.3452741233333,62.301872966666664,0.25611748224440406,1892
769,46.35257165544222,62.301872966666664,0.25600035041896396,1893
770,46.35257165544222,62.301872966666664,0.25600035041896396,1894
771,46.357872264999955,62.301872966666664,0.25591527096139177,1895
772,46.357872264999955,60.276828433333336,0.23091719538176864,1897
773,46.43329132833327,60.276828433333336,0.22966598384172007,1898
774,46.43329132833327,60.276828433333336,0.22966598384172007,1899
775,46.43679239666665,60.276828433333336,0.22960790068730774,1900
776,46.43679239666665,58.3408614,0.20404342201456344,1902
777,46.443650845592884,58.3408614,0.2039258637755924,1903
778,46.443650845592884,58.3408614,0.2039258637755924,1904
779,46.47586524333336,58.3408614,0.20337368821686,1905
780,46.47586524333336,58.3408614,0.20337368821686,1906
781,46.47663827833339,58.3408614,0.20336043789827574,1906
782,46.47663827833339,58.3408614,0.20336043789827574,1907
783,46.49125213444442,58.3408614,0.2031099469771555,1907
784,46.49125213444442,58.3408614,0.2031099469771555,1909
785,46.49562561500005,58.3408614,0.20303498269910614,1910
786,46.49562561500005,58.3408614,0.20303498269910614,1911
787,46.49637249499999,58.3408614,0.20302218069409603,1912
788,46.49637249499999,58.3408614,0.20302218069409603,1912
789,46.49706421626015,58.3408614,0.20301032414546852,1913
790,46.49706421626015,58.3408614,0.20301032414546852,1918
791,46.51775028333336,58.3408614,0.20265575161128213,1919
792,46.51775028333336,58.3408614,0.20265575161128213,1920
793,46.522240576255584,58.3408614,0.20257878509391392,1921
794,46.522240576255584,58.3408614,0.20257878509391392,1926
795,46.52349923246253,58.3408614,0.20255721091456963,1933
796,46.52349923246253,58.3408614,0.20255721091456963,1934
797,46.54346112821137,58.3408614,0.20221505114404484,1934
798,46.54346112821137,58.3408614,0.20221505114404484,1938
799,46.5517123877778,58.3408614,0.20207361923220085,1939
800,46.5517123877778,58.3408614,0.20207361923220085,1940
801,46.58961426333328,58.3408614,0.20142395663473558,1941
802,46.58961426333328,58.3408614,0.20142395663473558,1941
803,46.60666944126689,58.3408614,0.20113161988268335,1942
804,46.60666944126689,58.3408614,0.20113161988268335,1943
805,46.615262407094974,58.3408614,0.2009843309050803,1944
806,46.615262407094974,58.3408614,0.2009843309050803,1949
807,46.670248715924586,58.3408614,0.2000418301001537,1954
808,46.670248715924586,58.3408614,0.2000418301001537,1955
809,46.67695334333332,58.3408614,0.19992690846122277,1956
810,46.67695334333332,58.3408614,0.19992690846122277,1956
811,46.68370249666668,58.3408614,0.19981122361921996,1956
812,46.68370249666668,58.3408614,0.19981122361921996,1957
813,46.690769213333326,58.3408614,0.19969009553682515,1958
814,46.690769213333326,58.3408614,0.19969009553682515,1958
815,46.704814203333314,58.3408614,0.19944935534782296,1959
816,46.704814203333314,58.3408614,0.19944935534782296,1959
817,46.71452465833334,58.3408614,0.19928291188492225,1960
818,46.71452465833334,58.3408614,0.19928291188492225,1961
819,46.749130350000016,58.3408614,0.19868974800567454,1961
820,46.749130350000016,58.3408614,0.19868974800567454,1961
821,46.75492390333335,58.3408614,0.19859044276412846,1962
822,46.75492390333335,58.3408614,0.19859044276412846,1963
823,46.77268974230564,58.3408614,0.19828592482342683,1964
824,46.77268974230564,58.3408614,0.19828592482342683,1964
825,46.83047102333333,58.3408614,0.19729551639199264,1965
826,46.83047102333333,58.3408614,0.19729551639199264,1972
827,46.84764899666668,58.3408614,0.1970010748475737,1973
828,46.84764899666668,58.3408614,0.1970010748475737,1974
829,46.874348892073456,58.3408614,0.1965434214162382,1975
830,46.874348892073456,58.3408614,0.1965434214162382,1976
831,46.90287323496359,58.3408614,0.19605449577808956,1981
832,46.90287323496359,58.3408614,0.19605449577808956,1981
833,46.90688031779426,58.3408614,0.19598581179340865,1981
834,46.90688031779426,58.3408614,0.19598581179340865,1982
835,46.92476167081449,58.3408614,0.19567931386740736,1984
836,46.92476167081449,58.3408614,0.19567931386740736,1985
837,46.96201735054736,58.3408614,0.19504072748320164,1986
838,46.96201735054736,58.3408614,0.19504072748320164,1993
839,46.96666184166671,58.3408614,0.19496111790926157,1997
840,46.96666184166671,58.3408614,0.19496111790926157,2003
841,46.989624548333325,58.3408614,0.19456752230378752,2004
842,46.989624548333325,58.3408614,0.19456752230378752,2004
843,46.99138460999996,58.3408614,0.19453735371140818,2005
844,46.99138460999996,58.3408614,0.19453735371140818,2006
845,46.99419714777777,58.3408614,0.19448914499953257,2011
846,46.99419714777777,58.3408614,0.19448914499953257,2012
847,47.008293106666684,58.3408614,0.19424753117089416,2013
848,47.008293106666684,58.3408614,0.19424753117089416,2015
849,47.03442114333332,58.3408614,0.19379967976727,2015
850,47.03442114333332,58.3408614,0.19379967976727,2020
851,47.0394446316791,58.3408614,0.19371357393637828,2021
852,47.0394446316791,58.3408614,0.19371357393637828,2022
853,47.04385442333332,58.3408614,0.19363798726267487,2023
854,47.04385442333332,58.3408614,0.19363798726267487,2024
855,47.086604421666664,58.3408614,0.19290522471328025,2025
856,47.086604421666664,58.3408614,0.19290522471328025,2026
857,47.121653386666665,58.3408614,0.19230446284314437,2027
858,47.121653386666665,58.3408614,0.19230446284314437,2027
859,47.16970561666666,58.3408614,0.19148081662252145,2028
860,47.16970561666666,58.3408614,0.19148081662252145,2028
861,47.17767053333332,58.3408614,0.19134429281269888,2029
862,47.17767053333332,58.3408614,0.19134429281269888,2030
863,47.19855645833336,58.3408614,0.1909862945847187,2031
864,47.19855645833336,58.3408614,0.1909862945847187,2038
865,47.22089266695024,58.3408614,0.19060343755996992,2039
866,47.22089266695024,58.3408614,0.19060343755996992,2046
867,47.261906983333304,58.3408614,0.18990042571888896,2047
868,47.261906983333304,58.3408614,0.18990042571888896,2048
869,47.27686902139087,58.3408614,0.18964396673459347,2049
870,47.27686902139087,58.3408614,0.18964396673459347,2055
871,47.2877737350323,58.3408614,0.1894570529081646,2061
872,47.2877737350323,58.3408614,0.1894570529081646,2065
873,47.30615973500002,58.3408614,0.18914190500793632,2070
874,47.30615973500002,58.3408614,0.18914190500793632,2076
875,47.31366285000001,58.3408614,0.18901329677658812,2081
876,47.31366285000001,58.3408614,0.18901329677658812,2082
877,47.31383956333333,58.3408614,0.18901026779605742,2083
878,47.31383956333333,58.3408614,0.18901026779605742,2083
879,47.31783662144407,58.3408614,0.188941755641543,2084
880,47.31783662144407,58.3408614,0.188941755641543,2090
881,47.322252273333326,58.3408614,0.18886606851963064,2091
882,47.322252273333326,58.3408614,0.18886606851963064,2091
883,47.33463007000001,58.3408614,0.18865390509986524,2092
884,47.33463007000001,58.3408614,0.18865390509986524,2092
885,47.341855136666666,58.3408614,0.18853006279631887,2092
886,47.341855136666666,58.3408614,0.18853006279631887,2093
887,47.34559260385888,58.3408614,0.18846600019760967,2094
888,47.34559260385888,58.3408614,0.18846600019760967,2102
889,47.35693846166667,58.3408614,0.18827152487558796,2107
890,47.35693846166667,58.3408614,0.18827152487558796,2108
891,47.37082494333336,58.3408614,0.18803350162167198,2109
892,47.37082494333336,58.3408614,0.18803350162167198,2109
893,47.374615006666644,58.3408614,0.1879685374911752,2109
894,47.374615006666644,58.3408614,0.1879685374911752,2112
895,47.388892481887176,58.3408614,0.18772381235551702,2113
896,47.388892481887176,58.3408614,0.18772381235551702,2114
897,47.49575949,58.3408614,0.18589204289671327,2114
898,47.49575949,58.3408614,0.18589204289671327,2115
899,47.50980754063556,58.3408614,0.18565125024644286,2116
900,47.50980754063556,58.3408614,0.18565125024644286,2117
901,47.545230023333374,58.3408614,0.1850440860420108,2118
902,47.545230023333374,58.3408614,0.1850440860420108,2119
903,47.55966342333339,58.3408614,0.1847966882550454,2120
904,47.55966342333339,58.3408614,0.1847966882550454,2120
905,47.561300403333355,58.3408614,0.18476862936183258,2121
906,47.561300403333355,58.3408614,0.18476862936183258,2122
907,47.592002963333385,58.3408614,0.18424236767725571,2123
908,47.592002963333385,58.3408614,0.18424236767725571,2129
909,47.603862159980444,58.3408614,0.18403909339637478,2143
910,47.603862159980444,58.3408614,0.18403909339637478,2149
911,47.60990477499999,58.3408614,0.1839355190768577,2151
912,47.60990477499999,58.3408614,0.1839355190768577,2152
913,47.62609176212422,58.3408614,0.18365806367534682,2153
914,47.62609176212422,58.3408614,0.18365806367534682,2154
915,47.62645646604058,58.3408614,0.1836518124149504,2155
916,47.62645646604058,58.3408614,0.1836518124149504,2162
917,47.644550744188805,58.3408614,0.18334166481489758,2162
918,47.644550744188805,58.3408614,0.18334166481489758,2168
919,47.660104623333346,58.3408614,0.18307506129257556,2169
920,47.660104623333346,58.3408614,0.18307506129257556,2170
921,47.6635740227778,58.3408614,0.1830155935479931,2170
922,47.6635740227778,58.3408614,0.1830155935479931,2174
923,47.69485870999998,58.3408614,0.18247935382729924,2175
924,47.69485870999998,58.3408614,0.18247935382729924,2176
925,47.70057809333332,58.3408614,0.18238131990739995,2177
926,47.70057809333332,58.3408614,0.18238131990739995,2178
927,47.73216145666669,58.3408614,0.18183996068548472,2178
928,47.73216145666669,58.3408614,0.18183996068548472,2179
929,47.73739756333332,58.3408614,0.18175021043941397,2180
930,47.73739756333332,58.3408614,0.18175021043941397,2181
931,47.772233956666675,58.3408614,0.18115309218477404,2182
932,47.772233956666675,58.3408614,0.18115309218477404,2183
933,47.779183728333344,58.3408614,0.18103396861511986,2183
934,47.779183728333344,58.3408614,0.18103396861511986,2184
935,47.79209730666664,58.3408614,0.18081262155195674,2185
936,47.79209730666664,58.3408614,0.18081262155195674,2185
937,47.80005831821707,58.3408614,0.18067616467834555,2186
938,47.80005831821707,58.3408614,0.18067616467834555,2191
939,47.813242639452895,58.3408614,0.1804501769071772,2198
940,47.813242639452895,58.3408614,0.1804501769071772,2199
941,47.813665288333326,58.3408614,0.18044293243271645,2200
942,47.813665288333326,58.3408614,0.18044293243271645,2200
943,47.82447269333335,58.3408614,0.18025768653917498,2200
944,47.82447269333335,58.3408614,0.18025768653917498,2201
945,47.83569703666666,58.3408614,0.18006529405363464,2201
946,47.83569703666666,58.3408614,0.18006529405363464,2201
947,47.8403209166667,58.3408614,0.17998603776757577,2201
948,47.8403209166667,58.3408614,0.17998603776757577,2202
949,47.85127843835434,58.3408614,0.1797982187771684,2203
950,47.85127843835434,58.3408614,0.1797982187771684,2204
951,47.88592472333333,58.3408614,0.17920435910236096,2205
952,47.88592472333333,58.3408614,0.17920435910236096,2205
953,47.90667248333338,58.3408614,0.17884872911161062,2207
954,47.90667248333338,58.3408614,0.17884872911161062,2208
955,47.907218825,58.3408614,0.17883936446300056,2209
956,47.907218825,58.3408614,0.17883936446300056,2209
957,47.92604407666667,58.3408614,0.17851668750529162,2210
958,47.92604407666667,58.3408614,0.17851668750529162,2211
959,47.930556306307096,58.3408614,0.178439344978422,2212
960,47.930556306307096,58.3408614,0.178439344978422,2217
961,47.93436931999999,58.3408614,0.17837398746395633,2217
962,47.93436931999999,58.3408614,0.17837398746395633,2218
963,47.9458730640811,58.3408614,0.1781768058693577,2219
964,47.9458730640811,58.3408614,0.1781768058693577,2224
965,47.954463636666674,58.3408614,0.17802955791347516,2228
966,47.954463636666674,58.3408614,0.17802955791347516,2229
967,47.97036673666666,58.3408614,0.1777569685204089,2230
968,47.97036673666666,58.3408614,0.1777569685204089,2231
969,47.97387006999996,58.3408614,0.17769691912708097,2231
970,47.97387006999996,58.3408614,0.17769691912708097,2232
971,47.97604796999999,58.3408614,0.1776595885161204,2233
972,47.97604796999999,58.3408614,0.1776595885161204,2234
973,47.992948834999964,58.3408614,0.17736989678729764,2235
974,47.992948834999964,58.3408614,0.17736989678729764,2235
975,48.003290023333335,58.3408614,0.17719264214817826,2236
976,48.003290023333335,58.3408614,0.17719264214817826,2236
977,48.03110865999999,58.3408614,0.1767158127699502,2237
978,48.03110865999999,58.3408614,0.1767158127699502,2238
979,48.03304469,58.3408614,0.1766826279668199,2244
980,48.03304469,58.3408614,0.1766826279668199,2244
981,48.056516716666636,58.3408614,0.1762803022879838,2245
982,48.056516716666636,58.3408614,0.1762803022879838,2246
983,48.06916424500001,58.3408614,0.17606351549344781,2252
984,48.06916424500001,58.3408614,0.17606351549344781,2252
985,48.09486691337945,58.3408614,0.17562295517667062,2253
986,48.09486691337945,58.3408614,0.17562295517667062,2253
987,48.09848231737706,58.3408614,0.1755609848198597,2253
988,48.09848231737706,58.3408614,0.1755609848198597,2254
989,48.09908389333334,58.3408614,0.1755506734198934,2256
990,48.09908389333334,58.3408614,0.1755506734198934,2256
991,48.10255707666667,58.3408614,0.17549114081701458,2257
992,48.10255707666667,58.3408614,0.17549114081701458,2258
993,48.11551149833336,58.3408614,0.1752690936727691,2258
994,48.11551149833336,58.3408614,0.1752690936727691,2258
995,48.17594090333336,58.3408614,0.1742332946881487,2264
996,48.17594090333336,58.3408614,0.1742332946881487,2265
997,48.190416345389934,58.3408614,0.17398517627321264,2266
998,48.190416345389934,58.3408614,0.17398517627321264,2272
999,48.193397796666616,58.3408614,0.17393407227500046,2273
1000,48.193397796666616,58.3408614,0.17393407227500046,2273
1001,48.20333706166663,58.3408614,0.17376370686109496,2274
1002,48.20333706166663,58.3408614,0.17376370686109496,2274
1003,48.20818446333331,58.3408614,0.17368061926947637,2275
1004,48.20818446333331,58.3408614,0.17368061926947637,2275
1005,48.228461463333346,58.3408614,0.17333305840881286,2279
1006,48.228461463333346,58.3408614,0.17333305840881286,2280
1007,48.22856000166669,58.3408614,0.17333136939821234,2281
1008,48.22856000166669,58.3408614,0.17333136939821234,2288
1009,48.2300136766667,58.3408614,0.1733064524709486,2289
1010,48.2300136766667,58.3408614,0.1733064524709486,2290
1011,48.23228372166672,58.3408614,0.17326754243524561,2291
1012,48.23228372166672,58.3408614,0.17326754243524561,2292
1013,48.23658319,58.3408614,0.1731938467744325,2293
1014,48.23658319,58.3408614,0.1731938467744325,2296
1015,48.241097254151285,58.3408614,0.1731164728028633,2296
1016,48.241097254151285,58.3408614,0.1731164728028633,2297
1017,48.26650574333329,58.3408614,0.17268095490730465,2298
1018,48.26650574333329,58.3408614,0.17268095490730465,2298
1019,48.27444809000001,58.3408614,0.17254481796184096,2299
1020,48.27444809000001,58.3408614,0.17254481796184096,2300
1021,48.275068321666666,58.3408614,0.17253418679096388,2300
1022,48.275068321666666,58.3408614,0.17253418679096388,2300
1023,48.28433566833334,58.3408614,0.17237533849074535,2301
1024,48.28433566833334,58.3408614,0.17237533849074535,2302
1025,48.307399536666644,58.3408614,0.17198000890904497,2303
1026,48.307399536666644,58.3408614,0.17198000890904497,2303
1027,48.320974723333336,58.3408614,0.1717473214522449,2304
1028,48.320974723333336,58.3408614,0.1717473214522449,2305
1029,48.32713654652235,58.3408614,0.17164170382780214,2306
1030,48.32713654652235,58.3408614,0.17164170382780214,2307
1031,48.34639163888892,58.3408614,0.1713116591232073,2308
1032,48.34639163888892,58.3408614,0.1713116591232073,2309
1033,48.35061365666661,58.3408614,0.1712392910148802,2316
1034,48.35061365666661,58.3408614,0.1712392910148802,2317
1035,48.35144737222222,58.3408614,0.1712250005924284,2318
1036,48.35144737222222,58.3408614,0.1712250005924284,2319
1037,48.35576848999996,58.3408614,0.17115093384617117,2320
1038,48.35576848999996,58.3408614,0.17115093384617117,2320
1039,48.36995585666665,58.3408614,0.17090775322925472,2321
1040,48.36995585666665,58.3408614,0.17090775322925472,2322
1041,48.40682513000002,58.3408614,0.17027579010000662,2323
1042,48.40682513000002,58.3408614,0.17027579010000662,2325
1043,48.40763658333334,58.3408614,0.17026188126640618,2326
1044,48.40763658333334,58.3408614,0.17026188126640618,2327
1045,48.43181828833331,58.3408614,0.16984739124312434,2327
1046,48.43181828833331,58.3408614,0.16984739124312434,2328
1047,48.43573268333334,58.3408614,0.16978029598765335,2329
1048,48.43573268333334,58.3408614,0.16978029598765335,2329
1049,48.44082641636146,58.3408614,0.16969298611759168,2330
1050,48.44082641636146,58.3408614,0.16969298611759168,2332
1051,48.452131721070316,58.3408614,0.16949920590184644,2333
1052,48.452131721070316,58.3408614,0.16949920590184644,2338
1053,48.454386656666685,58.3408614,0.16946055485106903,2339
1054,48.454386656666685,58.3408614,0.16946055485106903,2340
1055,48.457880089999975,58.3408614,0.16940067515012774,2341
1056,48.457880089999975,58.3408614,0.16940067515012774,2341
1057,48.48103859666668,58.3408614,0.1690037234063418,2342
1058,48.48103859666668,58.3408614,0.1690037234063418,2348
1059,48.4825467486666,58.3408614,0.1689778727081565,2349
1060,48.4825467486666,58.3408614,0.1689778727081565,2350
1061,48.49843882333336,58.3408614,0.16870547229641422,2351
1062,48.49843882333336,58.3408614,0.16870547229641422,2352
1063,48.50799974863685,58.3408614,0.16854159186897355,2352
1064,48.50799974863685,58.3408614,0.16854159186897355,2357
1065,48.51015533666671,58.3408614,0.168504643699575,2362
1066,48.51015533666671,58.3408614,0.168504643699575,2363
1067,48.51095675666666,58.3408614,0.16849090684378107,2364
1068,48.51095675666666,58.3408614,0.16849090684378107,2364
1069,48.513196170000015,58.3408614,0.1684525218546051,2365
1070,48.513196170000015,58.3408614,0.1684525218546051,2366
1071,48.532101614999966,58.3408614,0.1681284703314311,2366
1072,48.532101614999966,58.3408614,0.1681284703314311,2367
1073,48.54022803601846,58.3408614,0.16798917823283183,2368
1074,48.54022803601846,58.3408614,0.16798917823283183,2368
1075,48.544953216666684,58.3408614,0.16790818558831422,2368
1076,48.544953216666684,58.3408614,0.16790818558831422,2368
1077,48.5742445433333,58.3408614,0.1674061133534566,2369
1078,48.5742445433333,58.3408614,0.1674061133534566,2371
1079,48.574368161666634,58.3408614,0.16740399445547727,2371
1080,48.574368161666634,58.3408614,0.16740399445547727,2372
1081,48.581584649999996,58.3408614,0.1672802991900974,2372
1082,48.581584649999996,58.3408614,0.1672802991900974,2372
1083,48.58725922500004,58.3408614,0.16718303331393666,2372
1084,48.58725922500004,58.3408614,0.16718303331393666,2373
1085,48.595723284999984,58.3408614,0.16703795386538495,2374
1086,48.595723284999984,58.3408614,0.16703795386538495,2374
1087,48.59655578999997,58.3408614,0.16702368419263747,2380
1088,48.59655578999997,58.3408614,0.16702368419263747,2380
1089,48.60368201741721,58.3408614,0.16690153605758704,2381
1090,48.60368201741721,58.3408614,0.16690153605758704,2387
1091,48.613969080930616,58.3408614,0.16672520915279776,2388
1092,48.613969080930616,58.3408614,0.16672520915279776,2389
1093,48.61891637000003,58.3408614,0.1666404094266591,2389
1094,48.61891637000003,58.3408614,0.1666404094266591,2389
1095,48.62149784333336,58.3408614,0.16659616130842117,2390
1096,48.62149784333336,58.3408614,0.16659616130842117,2391
1097,48.64751020826078,58.3408614,0.16615029259302672,2392
1098,48.64751020826078,58.3408614,0.16615029259302672,2393
1099,48.65707780666665,58.3408614,0.16598629778430649,2394
1100,48.65707780666665,58.3408614,0.16598629778430649,2394
1101,48.66020899499999,58.3408614,0.16593262719634802,2394
1102,48.66020899499999,58.3408614,0.16593262719634802,2394
1103,48.663209115035045,58.3408614,0.16588120320357416,2395
1104,48.663209115035045,58.3408614,0.16588120320357416,2396
1105,48.674209856666664,58.3408614,0.16569264339544595,2397
1106,48.674209856666664,58.3408614,0.16569264339544595,2398
1107,48.68418622333333,58.3408614,0.16552164203503986,2399
1108,48.68418622333333,58.3408614,0.16552164203503986,2404
1109,48.684902629999954,58.3408614,0.16550936236262098,2404
1110,48.684902629999954,58.3408614,0.16550936236262098,2404
1111,48.68517633666666,58.3408614,0.16550467085378592,2405
1112,48.68517633666666,58.3408614,0.16550467085378592,2406
1113,48.68743796333332,58.3408614,0.16546590511374723,2407
1114,48.68743796333332,58.3408614,0.16546590511374723,2408
1115,48.69318783999999,58.3408614,0.1653673485184435,2409
1116,48.69318783999999,58.3408614,0.1653673485184435,2410
1117,48.70279429166665,58.3408614,0.16520268773976918,2411
1118,48.70279429166665,58.3408614,0.16520268773976918,2412
1119,48.710854408647336,58.3408614,0.16506453213515057,2413
1120,48.710854408647336,58.3408614,0.16506453213515057,2417
1121,48.711460280000004,58.3408614,0.16505414710931912,2423
1122,48.711460280000004,58.3408614,0.16505414710931912,2428
1123,48.72134097833333,58.3408614,0.16488478556586192,2429
1124,48.72134097833333,58.3408614,0.16488478556586192,2430
1125,48.73064629666668,58.3408614,0.16472528640678116,2431
1126,48.73064629666668,58.3408614,0.16472528640678116,2432
1127,48.745931739819476,58.3408614,0.16446328405052527,2432
1128,48.745931739819476,58.3408614,0.16446328405052527,2432
1129,48.753914528333326,58.3408614,0.16432645390571274,2432
1130,48.753914528333326,58.3408614,0.16432645390571274,2432
1131,48.757036709999994,58.3408614,0.16427293769783124,2433
1132,48.757036709999994,58.3408614,0.16427293769783124,2434
1133,48.766760761666674,58.3408614,0.1641062611792929,2435
1134,48.766760761666674,58.3408614,0.1641062611792929,2435
1135,48.77394165000005,58.3408614,0.16398317612087834,2436
1136,48.77394165000005,58.3408614,0.16398317612087834,2436
1137,48.78162664666665,58.3408614,0.1638514503204327,2437
1138,48.78162664666665,58.3408614,0.1638514503204327,2438
1139,48.782919909513936,58.3408614,0.16382928296094829,2440
1140,48.782919909513936,58.3408614,0.16382928296094829,2441
1141,48.789060176666666,58.3408614,0.16372403482087317,2442
1142,48.789060176666666,58.3408614,0.16372403482087317,2446
1143,48.79040895035136,58.3408614,0.16370091596982553,2447
1144,48.79040895035136,58.3408614,0.16370091596982553,2447
1145,48.79080762833331,58.3408614,0.16369408237202834,2448
1146,48.79080762833331,58.3408614,0.16369408237202834,2449
1147,48.793345416666654,58.3408614,0.16365058304287136,2450
1148,48.793345416666654,58.3408614,0.16365058304287136,2451
1149,48.823132039999976,58.3408614,0.16314002110363124,2452
1150,48.823132039999976,58.3408614,0.16314002110363124,2452
1151,48.83143438166666,58.3408614,0.16299771361163584,2452
1152,48.83143438166666,58.3408614,0.16299771361163584,2453
1153,48.84239672333334,58.3408614,0.1628098120036785,2454
1154,48.84239672333334,58.3408614,0.1628098120036785,2455
1155,48.848674236666675,58.3408614,0.16270221137553048,2455
1156,48.848674236666675,58.3408614,0.16270221137553048,2456
1157,48.86414863,58.3408614,0.1624369702912888,2457
1158,48.86414863,58.3408614,0.1624369702912888,2458
1159,48.868972865,58.3408614,0.1623542797912819,2459
1160,48.868972865,58.3408614,0.1623542797912819,2459
1161,48.87741880333331,58.3408614,0.16220951095978656,2460
1162,48.87741880333331,58.3408614,0.16220951095978656,2461
1163,48.88486114166669,58.3408614,0.16208194447971094,2462
1164,48.88486114166669,58.3408614,0.16208194447971094,2462
1165,48.88678124333332,58.3408614,0.1620490326984902,2463
1166,48.88678124333332,58.3408614,0.1620490326984902,2463
1167,48.88816329666663,58.3408614,0.1620253434127966,2464
1168,48.88816329666663,58.3408614,0.1620253434127966,2465
1169,48.89631525277379,58.3408614,0.16188561362630502,2466
1170,48.89631525277379,58.3408614,0.16188561362630502,2467
1171,48.912048047777745,58.3408614,0.16161594337073426,2468
1172,48.912048047777745,58.3408614,0.16161594337073426,2473
1173,48.93704329666669,58.3408614,0.16118750868037945,2474
1174,48.93704329666669,58.3408614,0.16118750868037945,2475
1175,48.939663798449246,58.3408614,0.16114259158934455,2476
1176,48.939663798449246,58.3408614,0.16114259158934455,2477
1177,48.94520069333333,58.3408614,0.16104768563918864,2478
1178,48.94520069333333,58.3408614,0.16104768563918864,2479
1179,48.94646578212273,58.3408614,0.16102600120123137,2480
1180,48.94646578212273,58.3408614,0.16102600120123137,2485
1181,48.95432632999999,58.3408614,0.1608912663397873,2486
1182,48.95432632999999,58.3408614,0.1608912663397873,2486
1183,48.95528029888889,58.3408614,0.1608749146976276,2486
1184,48.95528029888889,58.3408614,0.1608749146976276,2487
1185,48.976866073631435,58.3408614,0.16050492059358876,2488
1186,48.976866073631435,58.3408614,0.16050492059358876,2489
1187,48.988265075555546,58.3408614,0.16030953434713008,2490
1188,48.988265075555546,58.3408614,0.16030953434713008,2491
1189,48.99274325000002,58.3408614,0.16023277554828808,2492
1190,48.99274325000002,58.3408614,0.16023277554828808,2492
1191,48.99437201864518,58.3408614,0.16020485740299373,2492
1192,48.99437201864518,58.3408614,0.16020485740299373,2496
1193,49.020389189999975,58.3408614,0.15975890630233353,2496
1194,49.020389189999975,58.3408614,0.15975890630233353,2496
1195,49.02502103999997,58.3408614,0.15967951340533396,2497
1196,49.02502103999997,58.3408614,0.15967951340533396,2498
1197,49.06063977666666,58.3408614,0.15906898528127217,2499
1198,49.06063977666666,58.3408614,0.15906898528127217,2500
1199,49.07639548500002,58.3408614,0.1587989222764541,2500
1200,49.07639548500002,58.3408614,0.1587989222764541,2501
1201,49.096544671666685,58.3408614,0.15845355221877674,2502
1202,49.096544671666685,58.3408614,0.15845355221877674,2503
1203,49.146594926666644,58.3408614,0.15759565856073146,2504
1204,49.146594926666644,58.3408614,0.15759565856073146,2504
1205,49.150118095077445,58.3408614,0.15753526918137956,2505
1206,49.150118095077445,58.3408614,0.15753526918137956,2506
1207,49.153081221666625,58.3408614,0.1574844792801324,2507
1208,49.153081221666625,58.3408614,0.1574844792801324,2508
1209,49.16000718666667,58.3408614,0.15736576377210182,2509
1210,49.16000718666667,58.3408614,0.15736576377210182,2510
1211,49.203683831666616,58.3408614,0.15661711790106317,2510
1212,49.203683831666616,58.3408614,0.15661711790106317,2511
1213,49.20748006276527,58.3408614,0.15655204805108913,2516
1214,49.20748006276527,58.3408614,0.15655204805108913,2520
1215,49.20959990362674,58.3408614,0.15651571261121733,2521
1216,49.20959990362674,58.3408614,0.15651571261121733,2522
1217,49.21261272333332,58.3408614,0.15646407093788092,2523
1218,49.21261272333332,58.3408614,0.15646407093788092,2524
1219,49.213916770000026,58.3408614,0.15644171873677504,2524
1220,49.213916770000026,58.3408614,0.15644171873677504,2525
1221,49.22447940000001,58.3408614,0.15626066844463826,2525
1222,49.22447940000001,58.3408614,0.15626066844463826,2527
1223,49.23919874971308,58.3408614,0.15600836929512527,2528
1224,49.23919874971308,58.3408614,0.15600836929512527,2528
1225,49.25029202381325,58.3408614,0.15581822342079354,2529
1226,49.25029202381325,58.3408614,0.15581822342079354,2530
1227,49.256904115000026,58.3408614,0.15570488791240192,2531
1228,49.256904115000026,58.3408614,0.15570488791240192,2532
1229,49.25733025666666,58.3408614,0.1556975835693324,2533
1230,49.25733025666666,58.3408614,0.1556975835693324,2536
1231,49.270340070000074,58.3408614,0.15547458697618624,2536
1232,49.270340070000074,58.3408614,0.15547458697618624,2536
1233,49.27071441499997,58.3408614,0.1554681704613986,2536
1234,49.27071441499997,58.3408614,0.1554681704613986,2536
1235,49.27849687666665,58.3408614,0.15533477404797713,2537
1236,49.27849687666665,58.3408614,0.15533477404797713,2537
1237,49.293434623835466,58.3408614,0.15507873142518486,2538
1238,49.293434623835466,58.3408614,0.15507873142518486,2538
1239,49.3019754977778,58.3408614,0.15493233533610798,2539
1240,49.3019754977778,58.3408614,0.15493233533610798,2546
1241,49.30476212999997,58.3408614,0.15488457066216765,2547
1242,49.30476212999997,58.3408614,0.15488457066216765,2547
1243,49.30593004999997,58.3408614,0.15486455175994418,2548
1244,49.30593004999997,58.3408614,0.15486455175994418,2548
1245,49.32110565016503,58.3408614,0.1546044321833577,2549
1246,49.32110565016503,58.3408614,0.1546044321833577,2552
1247,49.322128243333324,58.3408614,0.1545869042767798,2558
1248,49.322128243333324,58.3408614,0.1545869042767798,2558
1249,49.33152765000003,58.3408614,0.15442579238296908,2558
1250,49.33152765000003,58.3408614,0.15442579238296908,2558
1251,49.33247083333336,58.3408614,0.15440962561218954,2559
1252,49.33247083333336,58.3408614,0.15440962561218954,2559
1253,49.350744663333316,58.3408614,0.15409640037756941,2559
1254,49.350744663333316,58.3408614,0.15409640037756941,2560
1255,49.35255717166666,58.3408614,0.15406533281548943,2561
1256,49.35255717166666,58.3408614,0.15406533281548943,2562
1257,49.35575077166668,58.3408614,0.15401059245130247,2562
1258,49.35575077166668,58.3408614,0.15401059245130247,2562
1259,49.36310412166665,58.3408614,0.15388455128866763,2563
1260,49.36310412166665,58.3408614,0.15388455128866763,2563
1261,49.37091016333337,58.3408614,0.15375075069883407,2564
1262,49.37091016333337,58.3408614,0.15375075069883407,2564
1263,49.39112542867758,58.3408614,0.15340424800999627,2565
1264,49.39112542867758,58.3408614,0.15340424800999627,2565
1265,49.39381801066334,58.3408614,0.15335809541777976,2566
1266,49.39381801066334,58.3408614,0.15335809541777976,2567
1267,49.39708351666667,58.3408614,0.15330212253830952,2568
1268,49.39708351666667,58.3408614,0.15330212253830952,2569
1269,49.403515326666664,58.3408614,0.15319187716575844,2570
1270,49.403515326666664,58.3408614,0.15319187716575844,2570
1271,49.4111675033333,58.3408614,0.1530607139212843,2571
1272,49.4111675033333,58.3408614,0.1530607139212843,2571
1273,49.414316606666645,58.3408614,0.1530067362586689,2572
1274,49.414316606666645,58.3408614,0.1530067362586689,2574
1275,49.41489163666663,58.3408614,0.15299687987351812,2574
1276,49.41489163666663,58.3408614,0.15299687987351812,2575
1277,49.44034238666664,58.3408614,0.15256063760027647,2576
1278,49.44034238666664,58.3408614,0.15256063760027647,2577
1279,49.448289853333335,58.3408614,0.1524244128947103,2578
1280,49.448289853333335,58.3408614,0.1524244128947103,2579
1281,49.46417813666663,58.3408614,0.15215207746886933,2580
1282,49.46417813666663,58.3408614,0.15215207746886933,2581
1283,49.46552923666667,58.3408614,0.15212891874327608,2582
1284,49.46552923666667,58.3408614,0.15212891874327608,2583
1285,49.476783394999984,58.3408614,0.15193601520940206,2583
1286,49.476783394999984,58.3408614,0.15193601520940206,2584
1287,49.479107579999976,58.3408614,0.15189617717917386,2585
1288,49.479107579999976,58.3408614,0.15189617717917386,2585
1289,49.47968915,58.3408614,0.15188620869420352,2586
1290,49.47968915,58.3408614,0.15188620869420352,2586
1291,49.48940153833336,58.3408614,0.15171973209272224,2587
1292,49.48940153833336,58.3408614,0.15171973209272224,2593
1293,49.49304549000002,58.3408614,0.15165727241044782,2594
1294,49.49304549000002,58.3408614,0.15165727241044782,2594
1295,49.50750323108002,58.3408614,0.15140945740166906,2595
1296,49.50750323108002,58.3408614,0.15140945740166906,2599
1297,49.514874244586196,58.3408614,0.15128311347514325,2600
1298,49.514874244586196,58.3408614,0.15128311347514325,2605
1299,49.52918709000001,58.3408614,0.15103778207155497,2605
1300,49.52918709000001,58.3408614,0.15103778207155497,2605
1301,49.54704235000001,58.3408614,0.1507317313967529,2606
1302,49.54704235000001,58.3408614,0.1507317313967529,2606
1303,49.5487285166667,58.3408614,0.15070282941234223,2606
1304,49.5487285166667,58.3408614,0.15070282941234223,2607
1305,49.55391167340741,58.3408614,0.15061398676215962,2608
1306,49.55391167340741,58.3408614,0.15061398676215962,2609
1307,49.55437024333332,58.3408614,0.15060612657780684,2610
1308,49.55437024333332,58.3408614,0.15060612657780684,2612
1309,49.58669582333333,58.3408614,0.15005204528342245,2613
1310,49.58669582333333,58.3408614,0.15005204528342245,2613
1311,49.60002451333331,58.3408614,0.14982358293850442,2613
1312,49.60002451333331,58.3408614,0.14982358293850442,2613
1313,49.60035584666665,58.3408614,0.1498179036714283,2613
1314,49.60035584666665,58.3408614,0.1498179036714283,2613
1315,49.60719512333333,58.3408614,0.14970067405735415,2614
1316,49.60719512333333,58.3408614,0.14970067405735415,2615
1317,49.60981113333335,58.3408614,0.1496558339583695,2616
1318,49.60981113333335,58.3408614,0.1496558339583695,2617
1319,49.62991229000002,58.3408614,0.14931128716587616,2617
1320,49.62991229000002,58.3408614,0.14931128716587616,2618
1321,49.629992248804314,58.3408614,0.14930991662038928,2619
1322,49.629992248804314,58.3408614,0.14930991662038928,2619
1323,49.63162810695104,58.3408614,0.1492818769564647,2620
1324,49.63162810695104,58.3408614,0.1492818769564647,2621
1325,49.643133009999985,58.3408614,0.14908467549640972,2621
1326,49.643133009999985,58.3408614,0.14908467549640972,2621
1327,49.64766401500002,58.3408614,0.1490070111477645,2621
1328,49.64766401500002,58.3408614,0.1490070111477645,2621
1329,49.653951961666706,58.3408614,0.1488992316855523,2621
1330,49.653951961666706,58.3408614,0.1488992316855523,2621
1331,49.658426806666625,58.3408614,0.14882252995553774,2621
1332,49.658426806666625,58.3408614,0.14882252995553774,2622
1333,49.66366825666664,58.3408614,0.14873268812128582,2622
1334,49.66366825666664,58.3408614,0.14873268812128582,2622
1335,49.66413187833333,58.3408614,0.14872474134683708,2623
1336,49.66413187833333,58.3408614,0.14872474134683708,2623
1337,49.67712719666669,58.3408614,0.14850199320734253,2628
1338,49.67712719666669,58.3408614,0.14850199320734253,2629
1339,49.679953876666715,58.3408614,0.14845354208865497,2629
1340,49.679953876666715,58.3408614,0.14845354208865497,2630
1341,49.68659929166665,58.3408614,0.1483396353886086,2631
1342,49.68659929166665,58.3408614,0.1483396353886086,2632
1343,49.69297296333334,58.3408614,0.14823038654459533,2632
1344,49.69297296333334,58.3408614,0.14823038654459533,2633
1345,49.69340802999997,58.3408614,0.1482229292212684,2634
1346,49.69340802999997,58.3408614,0.1482229292212684,2635
1347,49.69993664666667,58.3408614,0.14811102452000013,2636
1348,49.69993664666667,58.3408614,0.14811102452000013,2636
1349,49.714331376230035,58.3408614,0.1478642895692652,2636
1350,49.714331376230035,58.3408614,0.1478642895692652,2640
1351,49.71530784499996,58.3408614,0.14784755226463006,2640
1352,49.71530784499996,58.3408614,0.14784755226463006,2641
1353,49.761074816666635,58.3408614,0.1470630768460571,2641
1354,49.761074816666635,58.3408614,0.1470630768460571,2641
1355,49.76213021539808,58.3408614,0.14704498663096394,2642
1356,49.76213021539808,58.3408614,0.14704498663096394,2646
1357,49.78248589000003,58.3408614,0.1466960772368707,2653
1358,49.78248589000003,58.3408614,0.1466960772368707,2654
1359,49.795241170000004,58.3408614,0.1464774435092588,2654
1360,49.795241170000004,58.3408614,0.1464774435092588,2654
1361,49.79720197333336,58.3408614,0.14644383407521375,2655
1362,49.79720197333336,58.3408614,0.14644383407521375,2656
1363,49.79799394466384,58.3408614,0.14643025917570981,2657
1364,49.79799394466384,58.3408614,0.14643025917570981,2658
1365,49.799741505,58.3408614,0.14640030486419936,2659
1366,49.799741505,58.3408614,0.14640030486419936,2660
1367,49.80877523999997,58.3408614,0.14624546081865075,2661
1368,49.80877523999997,58.3408614,0.14624546081865075,2661
1369,49.811192956666716,58.3408614,0.1462040195953172,2661
1370,49.811192956666716,58.3408614,0.1462040195953172,2662
1371,49.83015206499999,58.3408614,0.1458790482479919,2662
1372,49.83015206499999,58.3408614,0.1458790482479919,2663
1373,49.83272640333334,58.3408614,0.14583492242825646,2664
1374,49.83272640333334,58.3408614,0.14583492242825646,2665
1375,49.83651570333335,58.3408614,0.14576997138178446,2666
1376,49.83651570333335,58.3408614,0.14576997138178446,2666
1377,49.83952816333336,58.3408614,0.14571833587405067,2667
1378,49.83952816333336,58.3408614,0.14571833587405067,2667
1379,49.84809832340416,58.3408614,0.14557143780183956,2668
1380,49.84809832340416,58.3408614,0.14557143780183956,2669
1381,49.849143598333356,58.3408614,0.1455535211152478,2670
1382,49.849143598333356,58.3408614,0.1455535211152478,2670
1383,49.86042455166664,58.3408614,0.1453601582977889,2671
1384,49.86042455166664,58.3408614,0.1453601582977889,2672
1385,49.868738183333335,58.3408614,0.14521765728791017,2673
1386,49.868738183333335,58.3408614,0.14521765728791017,2673
1387,49.86875179222228,58.3408614,0.14521742402277463,2674
1388,49.86875179222228,58.3408614,0.14521742402277463,2675
1389,49.870980596666655,58.3408614,0.1451792208767995,2675
1390,49.870980596666655,58.3408614,0.1451792208767995,2676
1391,49.889249095,58.3408614,0.1448660870303846,2677
1392,49.889249095,58.3408614,0.1448660870303846,2677
1393,49.91056642999999,58.3408614,0.14450069415670322,2678
1394,49.91056642999999,58.3408614,0.14450069415670322,2679
1395,49.9149921066667,58.3408614,0.14442483520363825,2680
1396,49.9149921066667,58.3408614,0.14442483520363825,2681
1397,49.918666266666676,58.3408614,0.14436185773104346,2682
1398,49.918666266666676,58.3408614,0.14436185773104346,2683
1399,49.92256221000002,58.3408614,0.14429507874904268,2684
1400,49.92256221000002,58.3408614,0.14429507874904268,2685
1401,49.93004354999998,58.3408614,0.14416684375524189,2686
1402,49.93004354999998,58.3408614,0.14416684375524189,2687
1403,49.930476143333365,58.3408614,0.1441594288264423,2691
1404,49.930476143333365,58.3408614,0.1441594288264423,2692
1405,49.93427938333335,58.3408614,0.14409423883937808,2693
1406,49.93427938333335,58.3408614,0.14409423883937808,2693
1407,49.94562964179745,58.3408614,0.14389968808726825,2693
1408,49.94562964179745,58.3408614,0.14389968808726825,2693
1409,49.95263051666666,58.3408614,0.14377968857575596,2694
1410,49.95263051666666,58.3408614,0.14377968857575596,2695
1411,49.95383275833333,58.3408614,0.14375908137802496,2697
1412,49.95383275833333,58.3408614,0.14375908137802496,2697
1413,49.975280781666655,58.3408614,0.14339144842200335,2698
1414,49.975280781666655,58.3408614,0.14339144842200335,2698
1415,49.9787651766667,58.3408614,0.14333172364392452,2699
1416,49.9787651766667,58.3408614,0.14333172364392452,2700
1417,49.983051190000026,58.3408614,0.14325825861049038,2700
1418,49.983051190000026,58.3408614,0.14325825861049038,2704
1419,49.98563670499998,58.3408614,0.14321394121547917,2704
1420,49.98563670499998,58.3408614,0.14321394121547917,2709
1421,49.99170906833339,58.3408614,0.14310985699067189,2716
1422,49.99170906833339,58.3408614,0.14310985699067189,2716
1423,50.00034599,58.3408614,0.14296181458164076,2717
1424,50.00034599,58.3408614,0.14296181458164076,2723
1425,50.00645953666667,58.3408614,0.14285702444793408,2723
1426,50.00645953666667,58.3408614,0.14285702444793408,2724
1427,50.0078332633333,58.3408614,0.14283347788667888,2724
1428,50.0078332633333,58.3408614,0.14283347788667888,2724
1429,50.009874903333326,58.3408614,0.14279848286001953,2725
1430,50.009874903333326,58.3408614,0.14279848286001953,2725
1431,50.04057492499997,58.3408614,0.14227226468411433,2725
1432,50.04057492499997,58.3408614,0.14227226468411433,2726
1433,50.043767390000006,58.3408614,0.14221754377455925,2726
1434,50.043767390000006,58.3408614,0.14221754377455925,2726
1435,50.04881405666666,58.3408614,0.14213104065229562,2727
1436,50.04881405666666,58.3408614,0.14213104065229562,2728
1437,50.061050898333356,58.3408614,0.1419212932921598,2729
1438,50.061050898333356,58.3408614,0.1419212932921598,2729
1439,50.07958720666663,58.3408614,0.1416035690095822,2729
1440,50.07958720666663,58.3408614,0.1416035690095822,2729
1441,50.08393104000001,58.3408614,0.14152911290404757,2729
1442,50.08393104000001,58.3408614,0.14152911290404757,2730
1443,50.096481090000026,58.3408614,0.14131399695102848,2730
1444,50.096481090000026,58.3408614,0.14131399695102848,2731
1445,50.0989973133333,58.3408614,0.1412708672598842,2732
1446,50.0989973133333,58.3408614,0.1412708672598842,2734
1447,50.10736860666667,58.3408614,0.14112737789184124,2735
1448,50.10736860666667,58.3408614,0.14112737789184124,2740
1449,50.13362876000005,58.3408614,0.1406772619233207,2741
1450,50.13362876000005,58.3408614,0.1406772619233207,2746
1451,50.14046195999998,58.3408614,0.1405601364672346,2746
1452,50.14046195999998,58.3408614,0.1405601364672346,2746
1453,50.14166204999998,58.3408614,0.14053956615045834,2747
1454,50.14166204999998,58.3408614,0.14053956615045834,2747
1455,50.15168969533545,58.3408614,0.14036768584058912,2748
1456,50.15168969533545,58.3408614,0.14036768584058912,2748
1457,50.15730747666667,58.3408614,0.14027139344454945,2759
1458,50.15730747666667,58.3408614,0.14027139344454945,2759
1459,50.160476630000005,58.3408614,0.140217072112,2759
1460,50.160476630000005,58.3408614,0.140217072112,2759
1461,50.16963950833333,58.3408614,0.1400600144664074,2760
1462,50.16963950833333,58.3408614,0.1400600144664074,2762
1463,50.170946756666666,58.3408614,0.14003760738667007,2763
1464,50.170946756666666,58.3408614,0.14003760738667007,2764
1465,50.17268940333334,58.3408614,0.14000773729862453,2764
1466,50.17268940333334,58.3408614,0.14000773729862453,2765
1467,50.178329781111124,58.3408614,0.13991105758491384,2765
1468,50.178329781111124,58.3408614,0.13991105758491384,2765
1469,50.178406733337994,58.3408614,0.13990973857410352,2766
1470,50.178406733337994,58.3408614,0.13990973857410352,2766
1471,50.182766940127166,58.3408614,0.1398350018169741,2767
1472,50.182766940127166,58.3408614,0.1398350018169741,2768
1473,50.217882089999996,58.3408614,0.1392331054954222,2769
1474,50.217882089999996,58.3408614,0.1392331054954222,2770
1475,50.222079350000016,58.3408614,0.1391611617513756,2771
1476,50.222079350000016,58.3408614,0.1391611617513756,2772
1477,50.22282601666668,58.3408614,0.1391483634030354,2773
1478,50.22282601666668,58.3408614,0.1391483634030354,2774
1479,50.23164953666666,58.3408614,0.138997122578196,2775
1480,50.23164953666666,58.3408614,0.138997122578196,2775
1481,50.2459350202225,58.3408614,0.13875226017450445,2775
1482,50.2459350202225,58.3408614,0.13875226017450445,2775
1483,50.26076460333334,58.3408614,0.1384980715534423,2776
1484,50.26076460333334,58.3408614,0.1384980715534423,2777
1485,50.26524218833333,58.3408614,0.13842132285805894,2777
1486,50.26524218833333,58.3408614,0.13842132285805894,2778
1487,50.26826099833329,58.3408614,0.13836957850722978,2779
1488,50.26826099833329,58.3408614,0.13836957850722978,2779
1489,50.291556945000025,58.3408614,0.13797027095318096,2779
1490,50.291556945000025,58.3408614,0.13797027095318096,2782
1491,50.30235259666665,58.3408614,0.13778522651935596,2782
1492,50.30235259666665,58.3408614,0.13778522651935596,2783
1493,50.30982241000004,58.3408614,0.1376571891000561,2783
1494,50.30982241000004,58.3408614,0.1376571891000561,2783
1495,50.31984972666664,58.3408614,0.13748531442378328,2783
1496,50.31984972666664,58.3408614,0.13748531442378328,2784
1497,50.329847605,58.3408614,0.1373139443395329,2785
1498,50.329847605,58.3408614,0.1373139443395329,2786
1499,50.34558986886262,58.3408614,0.1370441117816163,2786
1500,50.34558986886262,58.3408614,0.1370441117816163,2791
1501,50.34812414927763,58.3408614,0.1370006725804424,2792
1502,50.34812414927763,58.3408614,0.1370006725804424,2795
1503,50.353118996666694,58.3408614,0.13691505767402515,2796
1504,50.353118996666694,58.3408614,0.13691505767402515,2797
1505,50.35615452166668,58.3408614,0.13686302681731263,2798
1506,50.35615452166668,58.3408614,0.13686302681731263,2798
1507,50.36322543000006,58.3408614,0.136741826887046,2798
1508,50.36322543000006,58.3408614,0.136741826887046,2799
1509,50.367898436666636,58.3408614,0.1366617285382311,2799
1510,50.367898436666636,58.3408614,0.1366617285382311,2799
1511,50.37241944666662,58.3408614,0.13658423551033447,2800
1512,50.37241944666662,58.3408614,0.13658423551033447,2800
1513,50.374700506666656,58.3408614,0.1365451366704254,2801
1514,50.374700506666656,58.3408614,0.1365451366704254,2802
1515,50.37527179666668,58.3408614,0.13653534439128662,2803
1516,50.37527179666668,58.3408614,0.13653534439128662,2804
1517,50.37855079000002,58.3408614,0.1364791403302794,2808
1518,50.37855079000002,58.3408614,0.1364791403302794,2809
1519,50.40034418333335,58.3408614,0.13610558750966006,2809
1520,50.40034418333335,58.3408614,0.13610558750966006,2810
1521,50.401600748333344,58.3408614,0.13608404917495198,2811
1522,50.401600748333344,58.3408614,0.13608404917495198,2811
1523,50.41573675501927,58.3408614,0.1358417489012381,2811
1524,50.41573675501927,58.3408614,0.1358417489012381,2811
1525,50.43508261333332,58.3408614,0.13551014840975042,2812
1526,50.43508261333332,58.3408614,0.13551014840975042,2812
1527,50.44106328833333,58.3408614,0.13540763578212558,2812
1528,50.44106328833333,58.3408614,0.13540763578212558,2812
1529,50.441852484876634,58.3408614,0.13539410844426386,2817
1530,50.441852484876634,58.3408614,0.13539410844426386,2832
1531,50.483277196666656,58.3408614,0.13468406216116216,2834
1532,50.483277196666656,58.3408614,0.13468406216116216,2834
1533,50.559293504999985,58.3408614,0.13338109359832004,2835
1534,50.559293504999985,58.3408614,0.13338109359832004,2836
1535,50.57358897833331,58.3408614,0.13313605996339795,2837
1536,50.57358897833331,58.3408614,0.13313605996339795,2843
1537,50.57949201107763,58.3408614,0.13303487817412255,2844
1538,50.57949201107763,58.3408614,0.13303487817412255,2845
1539,50.58494050333336,58.3408614,0.1329414875020451,2846
1540,50.58494050333336,58.3408614,0.1329414875020451,2847
1541,50.58767677157342,58.3408614,0.13289458609924776,2848
1542,50.58767677157342,58.3408614,0.13289458609924776,2848
1543,50.58974933666666,58.3408614,0.13285906099654102,2854
1544,50.58974933666666,58.3408614,0.13285906099654102,2855
1545,50.59000518220532,58.3408614,0.13285467563896278,2856
1546,50.59000518220532,58.3408614,0.13285467563896278,2857
1547,50.5911916311111,58.3408614,0.1328343391393412,2858
1548,50.5911916311111,58.3408614,0.1328343391393412,2859
1549,50.611136463333324,58.3408614,0.13249247184867033,2860
1550,50.611136463333324,58.3408614,0.13249247184867033,2860
1551,50.61301043,58.3408614,0.1324603508511103,2861
1552,50.61301043,58.3408614,0.1324603508511103,2862
1553,50.624923289999956,58.3408614,0.13225615674574262,2863
1554,50.624923289999956,58.3408614,0.13225615674574262,2864
1555,50.62949126999996,58.3408614,0.13217785862174536,2865
1556,50.62949126999996,58.3408614,0.13217785862174536,2865
1557,50.632368723333315,58.3408614,0.13212853721537074,2866
1558,50.632368723333315,58.3408614,0.13212853721537074,2867
1559,50.641043698729376,58.3408614,0.13197984254086836,2867
1560,50.641043698729376,58.3408614,0.13197984254086836,2868
1561,50.67784107992425,58.3408614,0.13134911168925167,2869
1562,50.67784107992425,58.3408614,0.13134911168925167,2870
1563,50.68661393809383,58.3408614,0.13119873924086717,2871
1564,50.68661393809383,58.3408614,0.13119873924086717,2877
1565,50.698177016666676,58.3408614,0.13100054061480357,2878
1566,50.698177016666676,58.3408614,0.13100054061480357,2879
1567,50.70421673000003,58.3408614,0.13089701603205972,2879
1568,50.70421673000003,58.3408614,0.13089701603205972,2879
1569,50.71415794333332,58.3408614,0.13072661722246498,2880
1570,50.71415794333332,58.3408614,0.13072661722246498,2881
1571,50.71555138833335,58.3408614,0.13070273267625507,2881
1572,50.71555138833335,58.3408614,0.13070273267625507,2881
1573,50.71564622362238,58.3408614,0.13070110713822305,2881
1574,50.71564622362238,58.3408614,0.13070110713822305,2882
1575,50.73514554666665,58.3408614,0.1303668761622596,2883
1576,50.73514554666665,58.3408614,0.1303668761622596,2883
1577,50.77986065666669,58.3408614,0.1296004303312071,2884
1578,50.77986065666669,58.3408614,0.1296004303312071,2885
1579,50.78289036333333,58.3408614,0.1295484992044816,2886
1580,50.78289036333333,58.3408614,0.1295484992044816,2886
1581,50.79235151666663,58.3408614,0.12938632893297275,2887
1582,50.79235151666663,58.3408614,0.12938632893297275,2887
1583,50.79533792333331,58.3408614,0.12933513999617932,2888
1584,50.79533792333331,58.3408614,0.12933513999617932,2888
1585,50.802242173333354,58.3408614,0.12921679669725697,2889
1586,50.802242173333354,58.3408614,0.12921679669725697,2890
1587,50.807877250000004,58.3408614,0.12912020784801093,2891
1588,50.807877250000004,58.3408614,0.12912020784801093,2891
1589,50.823717311666655,58.3408614,0.128848698972644,2892
1590,50.823717311666655,58.3408614,0.128848698972644,2892
1591,50.83735701666667,58.3408614,0.12861490562999003,2893
1592,50.83735701666667,58.3408614,0.12861490562999003,2893
1593,50.85759371888892,58.3408614,0.12826803549923382,2894
1594,50.85759371888892,58.3408614,0.12826803549923382,2895
1595,50.85776007833335,58.3408614,0.1282651839910381,2896
1596,50.85776007833335,58.3408614,0.1282651839910381,2897
1597,50.86594042333333,58.3408614,0.1281249676006099,2898
1598,50.86594042333333,58.3408614,0.1281249676006099,2898
1599,50.87212112500001,58.3408614,0.12801902638688148,2899
1600,50.87212112500001,58.3408614,0.12801902638688148,2900
1601,50.875643844229934,58.3408614,0.1279586447067795,2900
1602,50.875643844229934,58.3408614,0.1279586447067795,2905
1603,50.88310222833329,58.3408614,0.1278308031918553,2906
1604,50.88310222833329,58.3408614,0.1278308031918553,2907
1605,50.90003589333331,58.3408614,0.1275405492498726,2908
1606,50.90003589333331,58.3408614,0.1275405492498726,2909
1607,50.919840003333356,58.3408614,0.12720109402886953,2910
1608,50.919840003333356,58.3408614,0.12720109402886953,2911
1609,50.92101779833334,58.3408614,0.12718090586277603,2912
1610,50.92101779833334,58.3408614,0.12718090586277603,2912
1611,50.929319506666666,58.3408614,0.12703860922652294,2912
1612,50.929319506666666,58.3408614,0.12703860922652294,2912
1613,50.94042577000005,58.3408614,0.1268482407083546,2913
1614,50.94042577000005,58.3408614,0.1268482407083546,2913
1615,50.940768483333336,58.3408614,0.12684236638073818,2914
1616,50.940768483333336,58.3408614,0.12684236638073818,2914
1617,50.94530004833331,58.3408614,0.12676469243333272,2915
1618,50.94530004833331,58.3408614,0.12676469243333272,2916
1619,50.953251056666694,58.3408614,0.1266284070213147,2917
1620,50.953251056666694,58.3408614,0.1266284070213147,2917
1621,50.957174328333366,58.3408614,0.12656115961405115,2917
1622,50.957174328333366,58.3408614,0.12656115961405115,2918
1623,50.96340035000001,58.3408614,0.12645444158628746,2919
1624,50.96340035000001,58.3408614,0.12645444158628746,2919
1625,50.963792482890156,58.3408614,0.12644772017558598,2920
1626,50.963792482890156,58.3408614,0.12644772017558598,2921
1627,50.97336917000004,58.3408614,0.12628356958061576,2928
1628,50.97336917000004,58.3408614,0.12628356958061576,2928
1629,50.975190513487,58.3408614,0.12625235057830328,2929
1630,50.975190513487,58.3408614,0.12625235057830328,2929
1631,51.00338066333326,58.3408614,0.12576915322451412,2930
1632,51.00338066333326,58.3408614,0.12576915322451412,2936
1633,51.00682122833334,58.3408614,0.12571017972090937,2937
1634,51.00682122833334,58.3408614,0.12571017972090937,2937
1635,51.009176556666645,58.3408614,0.12566980787385762,2937
1636,51.009176556666645,58.3408614,0.12566980787385762,2941
1637,51.0143495833333,58.3408614,0.12558113885967925,2942
1638,51.0143495833333,58.3408614,0.12558113885967925,2942
1639,51.0199396966667,58.3408614,0.12548532071097093,2943
1640,51.0199396966667,58.3408614,0.12548532071097093,2944
1641,51.028664893333364,58.3408614,0.1253357652114927,2945
1642,51.028664893333364,58.3408614,0.1253357652114927,2945
1643,51.051776296666645,58.3408614,0.12493962084922791,2945
1644,51.051776296666645,58.3408614,0.12493962084922791,2945
1645,51.054461050000015,58.3408614,0.12489360244516352,2946
1646,51.054461050000015,58.3408614,0.12489360244516352,2946
1647,51.054889016666664,58.3408614,0.1248862668204165,2947
1648,51.054889016666664,58.3408614,0.1248862668204165,2947
1649,51.06078020999997,58.3408614,0.12478528796628348,2948
1650,51.06078020999997,58.3408614,0.12478528796628348,2948
1651,51.065218297777754,58.3408614,0.12470921627876833,2948
1652,51.065218297777754,58.3408614,0.12470921627876833,2949
1653,51.06585681666668,58.3408614,0.12469827165310453,2950
1654,51.06585681666668,58.3408614,0.12469827165310453,2951
1655,51.078500251666696,58.3408614,0.12448155502094292,2952
1656,51.078500251666696,58.3408614,0.12448155502094292,2952
1657,51.08898583000001,58.3408614,0.1243018254440787,2953
1658,51.08898583000001,58.3408614,0.1243018254440787,2953
1659,51.09529244500001,58.3408614,0.12419372599459062,2953
1660,51.09529244500001,58.3408614,0.12419372599459062,2954
1661,51.12183318999997,58.3408614,0.12373880050389577,2959
1662,51.12183318999997,58.3408614,0.12373880050389577,2959
1663,51.15628462833335,58.3408614,0.12314828062628928,2960
1664,51.15628462833335,58.3408614,0.12314828062628928,2961
1665,51.16803315666667,58.3408614,0.12294690327169791,2962
1666,51.16803315666667,58.3408614,0.12294690327169791,2963
1667,51.17928266999999,58.3408614,0.12275407935612019,2963
1668,51.17928266999999,58.3408614,0.12275407935612019,2964
1669,51.18655096333335,58.3408614,0.12262949611962103,2964
1670,51.18655096333335,58.3408614,0.12262949611962103,2965
1671,51.19484549833332,58.3408614,0.12248732243892921,2966
1672,51.19484549833332,58.3408614,0.12248732243892921,2966
1673,51.202735475000026,58.3408614,0.12235208314904955,2967
1674,51.202735475000026,58.3408614,0.12235208314904955,2967
1675,51.20721655,58.3408614,0.12227527463281512,2968
1676,51.20721655,58.3408614,0.12227527463281512,2968
1677,51.21808111333334,58.3408614,0.12208904900856779,2969
1678,51.21808111333334,58.3408614,0.12208904900856779,2969
1679,51.23432165666668,58.3408614,0.12181067561908371,2969
1680,51.23432165666668,58.3408614,0.12181067561908371,2969
1681,51.234782200000055,58.3408614,0.12180278160925383,2970
1682,51.234782200000055,58.3408614,0.12180278160925383,2971
1683,51.24051537666662,58.3408614,0.12170451126272502,2972
1684,51.24051537666662,58.3408614,0.12170451126272502,2973
1685,51.248678900000044,58.3408614,0.12156458320651325,2974
1686,51.248678900000044,58.3408614,0.12156458320651325,2974
1687,51.25843166333332,58.3408614,0.12139741455148761,2975
1688,51.25843166333332,58.3408614,0.12139741455148761,2975
1689,51.25855809333336,58.3408614,0.12139524745972706,2976
1690,51.25855809333336,58.3408614,0.12139524745972706,2976
1691,51.31607535333332,58.3408614,0.12040936451902788,2976
1692,51.31607535333332,58.3408614,0.12040936451902788,2977
1693,51.32518412833333,58.3408614,0.12025323423947024,2977
1694,51.32518412833333,58.3408614,0.12025323423947024,2978
1695,51.32569418000001,58.3408614,0.12024449162486976,2979
1696,51.32569418000001,58.3408614,0.12024449162486976,2979
1697,51.328573989999974,58.3408614,0.12019512982370924,2980
1698,51.328573989999974,58.3408614,0.12019512982370924,2981
1699,51.35392683999997,58.3408614,0.11976056561962299,2981
1700,51.35392683999997,58.3408614,0.11976056561962299,2982
1701,51.36037467666662,58.3408614,0.11965004553966661,2983
1702,51.36037467666662,58.3408614,0.11965004553966661,2983
1703,51.36652135666667,58.3408614,0.11954468747925164,2983
1704,51.36652135666667,58.3408614,0.11954468747925164,2983
1705,51.38807475,58.3408614,0.11917524841345589,2984
1706,51.38807475,58.3408614,0.11917524841345589,2984
1707,51.40204086333335,58.3408614,0.11893586022140314,2985
1708,51.40204086333335,58.3408614,0.11893586022140314,2985
1709,51.416809756666666,58.3408614,0.11868271186227866,2986
1710,51.416809756666666,58.3408614,0.11868271186227866,2987
1711,51.42490083647037,58.3408614,0.11854402553489946,2987
1712,51.42490083647037,58.3408614,0.11854402553489946,2988
1713,51.42919694999999,58.3408614,0.11847038737758525,2989
1714,51.42919694999999,58.3408614,0.11847038737758525,2990
1715,51.434101563333385,58.3408614,0.118386319141092,2991
1716,51.434101563333385,58.3408614,0.118386319141092,2992
1717,51.446342696666676,58.3408614,0.11817649821902228,2993
1718,51.446342696666676,58.3408614,0.11817649821902228,2994
1719,51.46226809999999,58.3408614,0.117903526532435,2995
1720,51.46226809999999,58.3408614,0.117903526532435,2995
1721,51.464815689999966,58.3408614,0.1178598591963888,2995
1722,51.464815689999966,58.3408614,0.1178598591963888,2996
1723,51.49041787499999,58.3408614,0.11742102122955644,2997
1724,51.49041787499999,58.3408614,0.11742102122955644,2998
1725,51.50039254666663,58.3408614,0.11725004892254419,2999
1726,51.50039254666663,58.3408614,0.11725004892254419,2999
1727,51.51790113666671,58.3408614,0.11694994039517717,3000
1728,51.51790113666671,58.3408614,0.11694994039517717,3000
1729,51.51974166333332,58.3408614,0.1169183925807904,3001
1730,51.51974166333332,58.3408614,0.1169183925807904,3001
1731,51.524073686666696,58.3408614,0.11684413890627444,3002
1732,51.524073686666696,58.3408614,0.11684413890627444,3003
1733,51.54427570333334,58.3408614,0.11649786330831688,3004
1734,51.54427570333334,58.3408614,0.11649786330831688,3005
1735,51.56075057666661,58.3408614,0.11621547335146812,3006
1736,51.56075057666661,58.3408614,0.11621547335146812,3007
1737,51.582050191666696,58.3408614,0.11585038421001624,3007
1738,51.582050191666696,58.3408614,0.11585038421001624,3007
1739,51.59701029333336,58.3408614,0.11559395841670995,3007
1740,51.59701029333336,58.3408614,0.11559395841670995,3007
1741,51.60801637333337,58.3408614,0.11540530710550377,3008
1742,51.60801637333337,58.3408614,0.11540530710550377,3009
1743,51.62287372000002,58.3408614,0.11515064259918484,3010
1744,51.62287372000002,58.3408614,0.11515064259918484,3011
1745,51.62296123000004,58.3408614,0.11514914262133202,3012
1746,51.62296123000004,58.3408614,0.11514914262133202,3013
1747,51.62649768777774,58.3408614,0.11508852545365843,3013
1748,51.62649768777774,58.3408614,0.11508852545365843,3014
1749,51.631908313333305,58.3408614,0.11499578384124949,3015
1750,51.631908313333305,58.3408614,0.11499578384124949,3015
1751,51.633026515564524,58.3408614,0.11497661713365578,3016
1752,51.633026515564524,58.3408614,0.11497661713365578,3016
1753,51.63718435000001,58.3408614,0.11490534916921862,3016
1754,51.63718435000001,58.3408614,0.11490534916921862,3016
1755,51.64766592166671,58.3408614,0.11472568826920498,3017
1756,51.64766592166671,58.3408614,0.11472568826920498,3017
1757,51.648683238333284,58.3408614,0.11470825080527038,3018
1758,51.648683238333284,58.3408614,0.11470825080527038,3019
1759,51.657245293333325,58.3408614,0.11456149165920056,3020
1760,51.657245293333325,58.3408614,0.11456149165920056,3021
1761,51.65975983666667,58.3408614,0.11451839076433877,3027
1762,51.65975983666667,58.3408614,0.11451839076433877,3027
1763,51.65985389333332,58.3408614,0.11451677857239662,3028
1764,51.65985389333332,58.3408614,0.11451677857239662,3029
1765,51.66048394333329,58.3408614,0.11450597910895281,3030
1766,51.66048394333329,58.3408614,0.11450597910895281,3031
1767,51.661960361666644,58.3408614,0.11448067234628383,3032
1768,51.661960361666644,58.3408614,0.11448067234628383,3032
1769,51.66227115000004,58.3408614,0.11447534523376035,3032
1770,51.66227115000004,58.3408614,0.11447534523376035,3032
1771,51.67051701166664,58.3408614,0.11433400584540156,3033
1772,51.67051701166664,58.3408614,0.11433400584540156,3047
1773,51.67608373666669,58.3408614,0.11423858858781455,3047
1774,51.67608373666669,58.3408614,0.11423858858781455,3047
1775,51.68291012,58.3408614,0.11412157997379173,3048
1776,51.68291012,58.3408614,0.11412157997379173,3048
1777,51.683180123333344,58.3408614,0.1141169519424795,3049
1778,51.683180123333344,58.3408614,0.1141169519424795,3050
1779,51.685667376666665,58.3408614,0.11407431881582292,3051
1780,51.685667376666665,58.3408614,0.11407431881582292,3052
1781,51.69672516166666,58.3408614,0.11388478124756207,3052
1782,51.69672516166666,58.3408614,0.11388478124756207,3053
1783,51.70548576333331,58.3408614,0.11373461888354452,3054
1784,51.70548576333331,58.3408614,0.11373461888354452,3054
1785,51.711816061561336,58.3408614,0.11362611348825002,3059
1786,51.711816061561336,58.3408614,0.11362611348825002,3060
1787,51.72164977833337,58.3408614,0.11345755723906108,3061
1788,51.72164977833337,58.3408614,0.11345755723906108,3061
1789,51.74558189333332,58.3408614,0.11304734534938968,3061
1790,51.74558189333332,58.3408614,0.11304734534938968,3061
1791,51.7457415205495,58.3408614,0.11304460923592911,3061
1792,51.7457415205495,58.3408614,0.11304460923592911,3062
1793,51.745868876666684,58.3408614,0.11304242626992335,3063
1794,51.745868876666684,58.3408614,0.11304242626992335,3063
1795,51.74760796333331,58.3408614,0.11301261720257515,3064
1796,51.74760796333331,58.3408614,0.11301261720257515,3064
1797,51.75305496999998,58.3408614,0.11291925199445241,3065
1798,51.75305496999998,58.3408614,0.11291925199445241,3066
1799,51.75806344000001,58.3408614,0.11283340358769528,3066
1800,51.75806344000001,58.3408614,0.11283340358769528,3066
1801,51.7629012316771,58.3408614,0.11275048071749764,3067
1802,51.7629012316771,58.3408614,0.11275048071749764,3068
1803,51.7679457233333,58.3408614,0.11266401487631622,3072
1804,51.7679457233333,58.3408614,0.11266401487631622,3072
1805,51.768849943333365,58.3408614,0.1126485159622041,3072
1806,51.768849943333365,58.3408614,0.1126485159622041,3073
1807,51.78104428999998,58.3408614,0.11243949699378314,3073
1808,51.78104428999998,58.3408614,0.11243949699378314,3074
1809,51.791121273333324,58.3408614,0.11226677099880251,3074
1810,51.791121273333324,58.3408614,0.11226677099880251,3075
1811,51.79520039579947,58.3408614,0.11219685220829688,3075
1812,51.79520039579947,58.3408614,0.11219685220829688,3080
1813,51.79784087999999,58.3408614,0.1121515926057275,3087
1814,51.79784087999999,58.3408614,0.1121515926057275,3092
1815,51.800545883333385,58.3408614,0.11210522710359941,3093
1816,51.800545883333385,58.3408614,0.11210522710359941,3094
1817,51.811424010000025,58.3408614,0.11191876899506967,3094
1818,51.811424010000025,58.3408614,0.11191876899506967,3095
1819,51.81657870666665,58.3408614,0.11183041416891651,3095
1820,51.81657870666665,58.3408614,0.11183041416891651,3095
1821,51.83276509666662,58.3408614,0.11155296900250056,3096
1822,51.83276509666662,58.3408614,0.11155296900250056,3096
1823,51.83359992833334,58.3408614,0.11153865944918426,3096
1824,51.83359992833334,58.3408614,0.11153865944918426,3096
1825,51.83464449000003,58.3408614,0.11152075498837202,3096
1826,51.83464449000003,58.3408614,0.11152075498837202,3097
1827,51.84212975000004,58.3408614,0.11139245280324162,3098
1828,51.84212975000004,58.3408614,0.11139245280324162,3098
1829,51.85096733333337,58.3408614,0.11124097092379628,3098
1830,51.85096733333337,58.3408614,0.11124097092379628,3099
1831,51.86214053,58.3408614,0.11104945512511756,3099
1832,51.86214053,58.3408614,0.11104945512511756,3100
1833,51.86566025666666,58.3408614,0.11098912473948051,3100
1834,51.86566025666666,58.3408614,0.11098912473948051,3100
1835,51.87094612333338,58.3408614,0.11089852157490802,3101
1836,51.87094612333338,58.3408614,0.11089852157490802,3102
1837,51.87229517333333,58.3408614,0.11087539798763879,3102
1838,51.87229517333333,58.3408614,0.11087539798763879,3108
1839,51.87238794333332,58.3408614,0.1108738078499931,3109
1840,51.87238794333332,58.3408614,0.1108738078499931,3109
1841,51.89164255833332,58.3408614,0.11054377132776934,3109
1842,51.89164255833332,58.3408614,0.11054377132776934,3110
1843,51.89876391113846,58.3408614,0.11042170674671495,3111
1844,51.89876391113846,58.3408614,0.11042170674671495,3112
1845,51.89925891166662,58.3408614,0.11041322211833815,3113
1846,51.89925891166662,58.3408614,0.11041322211833815,3114
1847,51.90172079333335,58.3408614,0.11037102387841423,3115
1848,51.90172079333335,58.3408614,0.11037102387841423,3115
1849,51.90708044999998,58.3408614,0.11027915590564147,3116
1850,51.90708044999998,58.3408614,0.11027915590564147,3117
1851,51.92215517333333,58.3408614,0.11002076542302598,3118
1852,51.92215517333333,58.3408614,0.11002076542302598,3119
1853,51.926663315,58.3408614,0.10994349296666371,3120
1854,51.926663315,58.3408614,0.10994349296666371,3120
1855,51.93946703333331,58.3408614,0.1097240289747709,3121
1856,51.93946703333331,58.3408614,0.1097240289747709,3121
1857,51.95133023666665,58.3408614,0.10952068601670238,3121
1858,51.95133023666665,58.3408614,0.10952068601670238,3121
1859,51.954127529999994,58.3408614,0.10947273860443904,3122
1860,51.954127529999994,58.3408614,0.10947273860443904,3122
1861,51.95493927458306,58.3408614,0.10945882477863002,3123
1862,51.95493927458306,58.3408614,0.10945882477863002,3129
1863,51.95804987666672,58.3408614,0.10940550705227127,3135
1864,51.95804987666672,58.3408614,0.10940550705227127,3136
1865,51.96120170666667,58.3408614,0.10935148265283122,3137
1866,51.96120170666667,58.3408614,0.10935148265283122,3138
1867,51.9623574083333,58.3408614,0.1093316731807238,3139
1868,51.9623574083333,58.3408614,0.1093316731807238,3139
1869,51.994105858408034,58.3408614,0.1087874842655643,3140
1870,51.994105858408034,58.3408614,0.1087874842655643,3141
1871,51.99738959,58.3408614,0.10873119898774762,3142
1872,51.99738959,58.3408614,0.10873119898774762,3143
1873,52.02362531000002,58.3408614,0.10828150182232277,3144
1874,52.02362531000002,58.3408614,0.10828150182232277,3144
1875,52.027847589999965,58.3408614,0.1082091292193371,3145
1876,52.027847589999965,58.3408614,0.1082091292193371,3145
1877,52.03884261666664,58.3408614,0.10802066736939471,3146
1878,52.03884261666664,58.3408614,0.10802066736939471,3146
1879,52.05032722333332,58.3408614,0.10782381380242496,3147
1880,52.05032722333332,58.3408614,0.10782381380242496,3148
1881,52.062235296666685,58.3408614,0.10761970174361046,3148
1882,52.062235296666685,58.3408614,0.10761970174361046,3149
1883,52.067770370000005,58.3408614,0.10752482701600967,3150
1884,52.067770370000005,58.3408614,0.10752482701600967,3150
1885,52.068971383333334,58.3408614,0.10750424087270448,3151
1886,52.068971383333334,58.3408614,0.10750424087270448,3151
1887,52.08362675114708,58.3408614,0.10725303841422064,3152
1888,52.08362675114708,58.3408614,0.10725303841422064,3153
1889,52.08588778333332,58.3408614,0.10721428286395994,3153
1890,52.08588778333332,58.3408614,0.10721428286395994,3154
1891,52.087546490653196,58.3408614,0.1071858515504676,3154
1892,52.087546490653196,58.3408614,0.1071858515504676,3157
1893,52.092733561111096,58.3408614,0.10709694181664765,3157
1894,52.092733561111096,58.3408614,0.10709694181664765,3157
1895,52.099641593333345,58.3408614,0.10697853368799687,3158
1896,52.099641593333345,58.3408614,0.10697853368799687,3158
1897,52.10119903893823,58.3408614,0.10695183806562321,3158
1898,52.10119903893823,58.3408614,0.10695183806562321,3159
1899,52.105162683333326,58.3408614,0.10688389864375014,3159
1900,52.105162683333326,58.3408614,0.10688389864375014,3160
1901,52.11861822333336,58.3408614,0.10665326200800053,3161
1902,52.11861822333336,58.3408614,0.10665326200800053,3161
1903,52.129347696666635,58.3408614,0.10646935191350065,3162
1904,52.129347696666635,58.3408614,0.10646935191350065,3162
1905,52.13346599666666,58.3408614,0.10639876159479097,3163
1906,52.13346599666666,58.3408614,0.10639876159479097,3163
1907,52.13861675666667,58.3408614,0.10631047424564304,3164
1908,52.13861675666667,58.3408614,0.10631047424564304,3164
1909,52.14421324000001,58.3408614,0.10621454691102637,3165
1910,52.14421324000001,58.3408614,0.10621454691102637,3166
1911,52.14547724333333,58.3408614,0.10619288107848661,3167
1912,52.14547724333333,58.3408614,0.10619288107848661,3167
1913,52.14913740999995,58.3408614,0.1061301434606526,3168
1914,52.14913740999995,58.3408614,0.1061301434606526,3172
1915,52.15116427000001,58.3408614,0.1060954017727272,3172
1916,52.15116427000001,58.3408614,0.1060954017727272,3172
1917,52.15752725666667,58.3408614,0.10598633607650731,3173
1918,52.15752725666667,58.3408614,0.10598633607650731,3173
1919,52.16476363892518,58.3408614,0.10586229981641686,3174
1920,52.16476363892518,58.3408614,0.10586229981641686,3175
1921,52.16679037499999,58.3408614,0.10582756025265014,3176
1922,52.16679037499999,58.3408614,0.10582756025265014,3176
1923,52.16969100333336,58.3408614,0.10577784161182507,3177
1924,52.16969100333336,58.3408614,0.10577784161182507,3177
1925,52.1705863266667,58.3408614,0.10576249519231988,3177
1926,52.1705863266667,58.3408614,0.10576249519231988,3177
1927,52.18018835833337,58.3408614,0.10559791017529668,3178
1928,52.18018835833337,58.3408614,0.10559791017529668,3179
1929,52.18242305666668,58.3408614,0.10555960600426313,3180
1930,52.18242305666668,58.3408614,0.10555960600426313,3187
1931,52.19459998000002,58.3408614,0.10535088568301428,3188
1932,52.19459998000002,58.3408614,0.10535088568301428,3188
1933,52.20668007666672,58.3408614,0.10514382503329442,3189
1934,52.20668007666672,58.3408614,0.10514382503329442,3190
1935,52.215690549999984,58.3408614,0.10498937970771918,3190
1936,52.215690549999984,58.3408614,0.10498937970771918,3191
1937,52.22751989666669,58.3408614,0.10478661707475764,3192
1938,52.22751989666669,58.3408614,0.10478661707475764,3192
1939,52.231535194442465,58.3408614,0.1047177922806182,3193
1940,52.231535194442465,58.3408614,0.1047177922806182,3194
1941,52.23952283333333,58.3408614,0.10458087899721462,3197
1942,52.23952283333333,58.3408614,0.10458087899721462,3203
1943,52.24061099,58.3408614,0.10456222728997966,3203
1944,52.24061099,58.3408614,0.10456222728997966,3203
1945,52.247732210034044,58.3408614,0.10444016498470755,3204
1946,52.247732210034044,58.3408614,0.10444016498470755,3205
1947,52.26320232333333,58.3408614,0.10417499726301041,3205
1948,52.26320232333333,58.3408614,0.10417499726301041,3205
1949,52.26952322333335,58.3408614,0.10406665295940677,3205
1950,52.26952322333335,58.3408614,0.10406665295940677,3205
1951,52.27981207666669,58.3408614,0.10389029537594922,3206
1952,52.27981207666669,58.3408614,0.10389029537594922,3206
1953,52.28130407333332,58.3408614,0.10386472159059833,3207
1954,52.28130407333332,58.3408614,0.10386472159059833,3207
1955,52.28411486637329,58.3408614,0.10381654278465478,3207
1956,52.28411486637329,58.3408614,0.10381654278465478,3208
1957,52.28687344000001,58.3408614,0.10376925905314098,3209
1958,52.28687344000001,58.3408614,0.10376925905314098,3209
1959,52.29071259000003,58.3408614,0.10370345354551064,3209
1960,52.29071259000003,58.3408614,0.10370345354551064,3210
1961,52.297953590000006,58.3408614,0.10357933813435252,3211
1962,52.297953590000006,58.3408614,0.10357933813435252,3211
1963,52.30056153666669,58.3408614,0.10353463624610297,3212
1964,52.30056153666669,58.3408614,0.10353463624610297,3212
1965,52.304752663333375,58.3408614,0.10346279763134637,3213
1966,52.304752663333375,58.3408614,0.10346279763134637,3213
1967,52.31239083666665,58.3408614,0.1033318744130396,3214
1968,52.31239083666665,58.3408614,0.1033318744130396,3214
1969,52.31956418333333,58.3408614,0.10320891862365739,3215
1970,52.31956418333333,58.3408614,0.10320891862365739,3216
1971,52.322659476666686,58.3408614,0.10315586329915442,3217
1972,52.322659476666686,58.3408614,0.10315586329915442,3217
1973,52.32648286333336,58.3408614,0.10309032798522651,3218
1974,52.32648286333336,58.3408614,0.10309032798522651,3218
1975,52.332103739999994,58.3408614,0.10299398253314113,3219
1976,52.332103739999994,58.3408614,0.10299398253314113,3219
1977,52.338638899999964,58.3408614,0.10288196567491953,3219
1978,52.338638899999964,58.3408614,0.10288196567491953,3219
1979,52.33970777333333,58.3408614,0.102863644496457,3219
1980,52.33970777333333,58.3408614,0.102863644496457,3219
1981,52.34855935666667,58.3408614,0.10271192264798017,3219
1982,52.34855935666667,58.3408614,0.10271192264798017,3220
1983,52.35509821000005,58.3408614,0.10259984248364132,3221
1984,52.35509821000005,58.3408614,0.10259984248364132,3222
1985,52.35936458666664,58.3408614,0.10252671403534261,3222
1986,52.35936458666664,58.3408614,0.10252671403534261,3222
1987,52.36634922888889,58.3408614,0.1024069927618708,3222
1988,52.36634922888889,58.3408614,0.1024069927618708,3223
1989,52.37300223666669,58.3408614,0.10229295591671378,3223
1990,52.37300223666669,58.3408614,0.10229295591671378,3224
1991,52.38094658665936,58.3408614,0.1021567846329509,3224
1992,52.38094658665936,58.3408614,0.1021567846329509,3225
1993,52.39447768458681,58.3408614,0.10192485288558305,3226
1994,52.39447768458681,58.3408614,0.10192485288558305,3228
1995,52.39671499666666,58.3408614,0.1018865039132477,3229
1996,52.39671499666666,58.3408614,0.1018865039132477,3229
1997,52.397771148333305,58.3408614,0.10186840079235951,3230
1998,52.397771148333305,58.3408614,0.10186840079235951,3230
1999,52.399792913333364,58.3408614,0.10183374643602086,3231
2000,52.399792913333364,58.3408614,0.10183374643602086,3232
2001,52.400638590000014,58.3408614,0.10181925099240971,3233
2002,52.400638590000014,58.3408614,0.10181925099240971,3233
2003,52.409160093333384,58.3408614,0.10167318692806647,3233
2004,52.409160093333384,58.3408614,0.10167318692806647,3233
2005,52.41326629666666,58.3408614,0.10160280395402832,3234
2006,52.41326629666666,58.3408614,0.10160280395402832,3234
2007,52.41623638333335,58.3408614,0.10155189475256278,3235
2008,52.41623638333335,58.3408614,0.10155189475256278,3235
2009,52.41711891999999,58.3408614,0.10153676750477339,3239
2010,52.41711891999999,58.3408614,0.10153676750477339,3240
2011,52.42088865833335,58.3408614,0.10147215175788704,3245
2012,52.42088865833335,58.3408614,0.10147215175788704,3245
2013,52.4214065766667,58.3408614,0.10146327430354506,3246
2014,52.4214065766667,58.3408614,0.10146327430354506,3247
2015,52.42799544666668,58.3408614,0.10135033682127503,3247
2016,52.42799544666668,58.3408614,0.10135033682127503,3247
2017,52.4484490433333,58.3408614,0.100999748979824,3247
2018,52.4484490433333,58.3408614,0.100999748979824,3248
2019,52.45721240333332,58.3408614,0.10084953933619291,3248
2020,52.45721240333332,58.3408614,0.10084953933619291,3248
2021,52.4590046073167,58.3408614,0.10081881980376967,3248
2022,52.4590046073167,58.3408614,0.10081881980376967,3253
2023,52.46517725666669,58.3408614,0.10071301661194378,3254
2024,52.46517725666669,58.3408614,0.10071301661194378,3255
2025,52.46582399666667,58.3408614,0.10070193107113311,3260
2026,52.46582399666667,58.3408614,0.10070193107113311,3260
2027,52.466911273333295,58.3408614,0.10068329444766659,3261
2028,52.466911273333295,58.3408614,0.10068329444766659,3261
2029,52.468469979999995,58.3408614,0.10065657720987999,3261
2030,52.468469979999995,58.3408614,0.10065657720987999,3261
2031,52.47675256999999,58.3408614,0.10051460827419345,3261
2032,52.47675256999999,58.3408614,0.10051460827419345,3262
2033,52.47700975500001,58.3408614,0.10051019995738338,3263
2034,52.47700975500001,58.3408614,0.10051019995738338,3263
2035,52.48545533666664,58.3408614,0.10036543723938506,3264
2036,52.48545533666664,58.3408614,0.10036543723938506,3264
2037,52.494422615,58.3408614,0.1002117323039732,3265
2038,52.494422615,58.3408614,0.1002117323039732,3265
2039,52.497512823440175,58.3408614,0.10015876413781964,3266
2040,52.497512823440175,58.3408614,0.10015876413781964,3266
2041,52.51931614833334,58.3408614,0.09978504108385795,3267
2042,52.51931614833334,58.3408614,0.09978504108385795,3268
2043,52.52155556333332,58.3408614,0.09974665606611491,3269
2044,52.52155556333332,58.3408614,0.09974665606611491,3269
2045,52.52499153666666,58.3408614,0.09968776126664013,3270
2046,52.52499153666666,58.3408614,0.09968776126664013,3270
2047,52.538622663333356,58.3408614,0.09945411496215317,3271
2048,52.538622663333356,58.3408614,0.09945411496215317,3272
2049,52.55723003000003,58.3408614,0.09913517269390153,3273
2050,52.55723003000003,58.3408614,0.09913517269390153,3273
2051,52.56379347666669,58.3408614,0.09902267098396515,3273
2052,52.56379347666669,58.3408614,0.09902267098396515,3273
2053,52.56435935833335,58.3408614,0.09901297140714917,3273
2054,52.56435935833335,58.3408614,0.09901297140714917,3273
2055,52.5824926166667,58.3408614,0.09870215566157724,3274
2056,52.5824926166667,58.3408614,0.09870215566157724,3274
2057,52.586927068282705,58.3408614,0.09862614630022067,3275
2058,52.586927068282705,58.3408614,0.09862614630022067,3276
2059,52.587434575,58.3408614,0.09861744730769433,3277
2060,52.587434575,58.3408614,0.09861744730769433,3277
2061,52.60116759000004,58.3408614,0.09838205457144591,3277
2062,52.60116759000004,58.3408614,0.09838205457144591,3278
2063,52.603929329999985,58.3408614,0.09833471656625241,3278
2064,52.603929329999985,58.3408614,0.09833471656625241,3278
2065,52.60732499000001,58.3408614,0.09827651276331673,3279
2066,52.60732499000001,58.3408614,0.09827651276331673,3280
2067,52.61839094999996,58.3408614,0.09808683507028297,3280
2068,52.61839094999996,58.3408614,0.09808683507028297,3280
2069,52.6301985733333,58.3408614,0.09788444478926907,3281
2070,52.6301985733333,58.3408614,0.09788444478926907,3281
2071,52.63615198166666,58.3408614,0.0977823995299004,3281
2072,52.63615198166666,58.3408614,0.0977823995299004,3281
2073,52.63654687333336,58.3408614,0.0977756308319891,3282
2074,52.63654687333336,58.3408614,0.0977756308319891,3287
2075,52.65301500333335,58.3408614,0.09749335646022275,3288
2076,52.65301500333335,58.3408614,0.09749335646022275,3289
2077,52.66890713000003,58.3408614,0.09722095515716832,3290
2078,52.66890713000003,58.3408614,0.09722095515716832,3290
2079,52.6709271433333,58.3408614,0.0971863308255284,3291
2080,52.6709271433333,58.3408614,0.0971863308255284,3291
2081,52.68284942999999,58.3408614,0.09698197514101173,3291
2082,52.68284942999999,58.3408614,0.09698197514101173,3292
2083,52.68414947000001,58.3408614,0.09695969161675753,3292
2084,52.68414947000001,58.3408614,0.09695969161675753,3292
2085,52.68419238,58.3408614,0.09695895611167651,3293
2086,52.68419238,58.3408614,0.09695895611167651,3299
2087,52.69142394833331,58.3408614,0.09683500236536946,3300
2088,52.69142394833331,58.3408614,0.09683500236536946,3306
2089,52.69248566333333,58.3408614,0.09681680388535834,3311
2090,52.69248566333333,58.3408614,0.09681680388535834,3311
2091,52.70009261833333,58.3408614,0.09668641576942284,3312
2092,52.70009261833333,58.3408614,0.09668641576942284,3313
2093,52.703033009999956,58.3408614,0.0966360155594145,3314
2094,52.703033009999956,58.3408614,0.0966360155594145,3314
2095,52.70475322833335,58.3408614,0.09660652990746978,3314
2096,52.70475322833335,58.3408614,0.09660652990746978,3315
2097,52.708548574999995,58.3408614,0.09654147521723097,3316
2098,52.708548574999995,58.3408614,0.09654147521723097,3324
2099,52.713816090000016,58.3408614,0.09645118661206441,3325
2100,52.713816090000016,58.3408614,0.09645118661206441,3326
2101,52.71491293166672,58.3408614,0.0964323860383262,3327
2102,52.71491293166672,58.3408614,0.0964323860383262,3327
2103,52.71861523999998,58.3408614,0.09636892608514046,3328
2104,52.71861523999998,58.3408614,0.09636892608514046,3329
2105,52.729146033230265,58.3408614,0.09618842149577408,3331
2106,52.729146033230265,58.3408614,0.09618842149577408,3338
2107,52.74242947833329,58.3408614,0.09596073467757726,3339
2108,52.74242947833329,58.3408614,0.09596073467757726,3340
2109,52.754523288333345,58.3408614,0.09575343897247729,3347
2110,52.754523288333345,58.3408614,0.09575343897247729,3347
2111,52.75697156833334,58.3408614,0.09571147387389553,3348
2112,52.75697156833334,58.3408614,0.09571147387389553,3349
2113,52.7607611802961,58.3408614,0.09564651748018073,3349
2114,52.7607611802961,58.3408614,0.09564651748018073,3349
2115,52.76135689666667,58.3408614,0.09563630651729342,3350
2116,52.76135689666667,58.3408614,0.09563630651729342,3350
2117,52.767543530000005,58.3408614,0.09553026363097197,3351
2118,52.767543530000005,58.3408614,0.09553026363097197,3351
2119,52.77756498999999,58.3408614,0.09535848934174314,3351
2120,52.77756498999999,58.3408614,0.09535848934174314,3351
2121,52.78024995999997,58.3408614,0.09531246722387322,3351
2122,52.78024995999997,58.3408614,0.09531246722387322,3351
2123,52.79148034999997,58.3408614,0.0951199710945651,3351
2124,52.79148034999997,58.3408614,0.0951199710945651,3352
2125,52.79474346333334,58.3408614,0.09506403922700156,3353
2126,52.79474346333334,58.3408614,0.09506403922700156,3353
2127,52.79838081666668,58.3408614,0.09500169264441684,3353
2128,52.79838081666668,58.3408614,0.09500169264441684,3353
2129,52.806921439648406,58.3408614,0.0948553008569667,3353
2130,52.806921439648406,58.3408614,0.0948553008569667,3353
2131,52.80864200333331,58.3408614,0.09482580928547431,3353
2132,52.80864200333331,58.3408614,0.09482580928547431,3354
2133,52.81402468166668,58.3408614,0.09473354670648249,3354
2134,52.81402468166668,58.3408614,0.09473354670648249,3354
2135,52.820351609999996,58.3408614,0.09462509907335728,3354
2136,52.820351609999996,58.3408614,0.09462509907335728,3355
2137,52.825955893333344,58.3408614,0.09452903804170874,3355
2138,52.825955893333344,58.3408614,0.09452903804170874,3355
2139,52.828389314999995,58.3408614,0.09448732762454559,3355
2140,52.828389314999995,58.3408614,0.09448732762454559,3355
2141,52.831088081666664,58.3408614,0.09444106902290848,3355
2142,52.831088081666664,58.3408614,0.09444106902290848,3355
2143,52.84711110499998,58.3408614,0.0941664240665466,3356
2144,52.84711110499998,58.3408614,0.0941664240665466,3357
2145,52.84846080833336,58.3408614,0.09414328928072091,3358
2146,52.84846080833336,58.3408614,0.09414328928072091,3359
2147,52.857097790000026,58.3408614,0.09399524584325002,3360
2148,52.857097790000026,58.3408614,0.09399524584325002,3360
2149,52.85886263999997,58.3408614,0.09396499517574884,3361
2150,52.85886263999997,58.3408614,0.09396499517574884,3362
2151,52.87300222833336,58.3408614,0.09372263351028681,3363
2152,52.87300222833336,58.3408614,0.09372263351028681,3363
2153,52.877837033333385,58.3408614,0.09363976183366082,3363
2154,52.877837033333385,58.3408614,0.09363976183366082,3363
2155,52.88435464500003,58.3408614,0.09352804576519282,3363
2156,52.88435464500003,58.3408614,0.09352804576519282,3363
2157,52.89346257999998,58.3408614,0.09337192988377825,3364
2158,52.89346257999998,58.3408614,0.09337192988377825,3364
2159,52.90913252833335,58.3408614,0.09310333686068353,3364
2160,52.90913252833335,58.3408614,0.09310333686068353,3371
2161,52.91627634333339,58.3408614,0.09298088726311839,3371
2162,52.91627634333339,58.3408614,0.09298088726311839,3372
2163,52.91949585666664,58.3408614,0.09292570272768304,3373
2164,52.91949585666664,58.3408614,0.09292570272768304,3373
2165,52.9274100833334,58.3408614,0.09279004777715885,3374
2166,52.9274100833334,58.3408614,0.09279004777715885,3374
2167,52.93090153000005,58.3408614,0.09273020212896534,3375
2168,52.93090153000005,58.3408614,0.09273020212896534,3376
2169,52.95491888,58.3408614,0.09231852925640896,3376
2170,52.95491888,58.3408614,0.09231852925640896,3376
2171,52.96152372666672,58.3408614,0.09220531792376452,3377
2172,52.96152372666672,58.3408614,0.09220531792376452,3377
2173,52.97141388000002,58.3408614,0.09203579431550835,3378
2174,52.97141388000002,58.3408614,0.09203579431550835,3378
2175,52.98669143999999,58.3408614,0.09177392708157742,3378
2176,52.98669143999999,58.3408614,0.09177392708157742,3378
2177,52.98930115000004,58.3408614,0.09172919496865645,3378
2178,52.98930115000004,58.3408614,0.09172919496865645,3378
2179,52.99701584833336,58.3408614,0.09159696006248272,3379
2180,52.99701584833336,58.3408614,0.09159696006248272,3379
2181,52.99787787666668,58.3408614,0.09158218434075646,3380
2182,52.99787787666668,58.3408614,0.09158218434075646,3380
2183,53.01232958333331,58.3408614,0.09133447276571562,3380
2184,53.01232958333331,58.3408614,0.09133447276571562,3380
2185,53.014262084444475,58.3408614,0.09130134845001665,3381
2186,53.014262084444475,58.3408614,0.09130134845001665,3381
2187,53.01516918999998,58.3408614,0.09128580007562283,3382
2188,53.01516918999998,58.3408614,0.09128580007562283,3383
2189,53.01580865666669,58.3408614,0.09127483920443638,3384
2190,53.01580865666669,58.3408614,0.09127483920443638,3385
2191,53.028172456666645,58.3408614,0.09106291569656796,3386
2192,53.028172456666645,58.3408614,0.09106291569656796,3386
2193,53.0311283382353,58.3408614,0.0910122499796464,3387
2194,53.0311283382353,58.3408614,0.0910122499796464,3388
2195,53.03482918500003,58.3408614,0.09094881507868811,3389
2196,53.03482918500003,58.3408614,0.09094881507868811,3390
2197,53.037643730000056,58.3408614,0.0909005719617288,3390
2198,53.037643730000056,58.3408614,0.0909005719617288,3390
2199,53.03932469666671,58.3408614,0.09087175910867319,3390
2200,53.03932469666671,58.3408614,0.09087175910867319,3390
2201,53.03967897166665,58.3408614,0.0908656866066319,3391
2202,53.03967897166665,58.3408614,0.0908656866066319,3396
2203,53.046534056666715,58.3408614,0.09074818602752557,3396
2204,53.046534056666715,58.3408614,0.09074818602752557,3396
2205,53.05862669499999,58.3408614,0.09054091040555007,3397
2206,53.05862669499999,58.3408614,0.09054091040555007,3398
2207,53.06018238999998,58.3408614,0.09051424478967363,3399
2208,53.06018238999998,58.3408614,0.09051424478967363,3399
2209,53.073744725,58.3408614,0.09028177761873094,3399
2210,53.073744725,58.3408614,0.09028177761873094,3399
2211,53.075537370000035,58.3408614,0.09025105052699764,3399
2212,53.075537370000035,58.3408614,0.09025105052699764,3399
2213,53.07563873236916,58.3408614,0.09024931311060218,3400
2214,53.07563873236916,58.3408614,0.09024931311060218,3401
2215,53.098070683333304,58.3408614,0.08986481500025807,3402
2216,53.098070683333304,58.3408614,0.08986481500025807,3402
2217,53.102580069999995,58.3408614,0.08978752120379228,3403
2218,53.102580069999995,58.3408614,0.08978752120379228,3404
2219,53.10361508999997,58.3408614,0.08976978029330283,3405
2220,53.10361508999997,58.3408614,0.08976978029330283,3405
2221,53.1150594366666,58.3408614,0.08957361680870558,3405
2222,53.1150594366666,58.3408614,0.08957361680870558,3406
2223,53.116363923333296,58.3408614,0.08955125706571596,3406
2224,53.116363923333296,58.3408614,0.08955125706571596,3407
2225,53.12483012666668,58.3408614,0.08940614087904641,3407
2226,53.12483012666668,58.3408614,0.08940614087904641,3408
2227,53.126543066666684,58.3408614,0.08937677998243126,3414
2228,53.126543066666684,58.3408614,0.08937677998243126,3414
2229,53.12664117166669,58.3408614,0.08937509839944377,3415
2230,53.12664117166669,58.3408614,0.08937509839944377,3416
2231,53.130625986666644,58.3408614,0.08930679609974627,3417
2232,53.130625986666644,58.3408614,0.08930679609974627,3418
2233,53.13083515833328,58.3408614,0.08930321076244385,3418
2234,53.13083515833328,58.3408614,0.08930321076244385,3418
2235,53.13562067000001,58.3408614,0.08922118400534951,3418
2236,53.13562067000001,58.3408614,0.08922118400534951,3418
2237,53.146547530000035,58.3408614,0.08903389057604773,3419
2238,53.146547530000035,58.3408614,0.08903389057604773,3419
2239,53.14767863333333,58.3408614,0.08901450273524199,3420
2240,53.14767863333333,58.3408614,0.08901450273524199,3420
2241,53.14955155999999,58.3408614,0.08898239956395312,3420
2242,53.14955155999999,58.3408614,0.08898239956395312,3420
2243,53.1582654279283,58.3408614,0.08883303824635853,3421
2244,53.1582654279283,58.3408614,0.08883303824635853,3421
2245,53.16139807333333,58.3408614,0.08877934268325134,3422
2246,53.16139807333333,58.3408614,0.08877934268325134,3422
2247,53.16564026666664,58.3408614,0.0887066287528857,3423
2248,53.16564026666664,58.3408614,0.0887066287528857,3423
2249,53.17664275666666,58.3408614,0.08851803897659526,3423
2250,53.17664275666666,58.3408614,0.08851803897659526,3423
2251,53.1807906571721,58.3408614,0.08844694128612743,3423
2252,53.1807906571721,58.3408614,0.08844694128612743,3423
2253,53.19075589333332,58.3408614,0.088276130709765,3424
2254,53.19075589333332,58.3408614,0.088276130709765,3424
2255,53.20446248999998,58.3408614,0.08804119080079298,3424
2256,53.20446248999998,58.3408614,0.08804119080079298,3424
2257,53.21390152627504,58.3408614,0.0878793996299301,3425
2258,53.21390152627504,58.3408614,0.0878793996299301,3425
2259,53.219621698333334,58.3408614,0.0877813521907763,3426
2260,53.219621698333334,58.3408614,0.0877813521907763,3426
2261,53.224045857903725,58.3408614,0.08770551924172097,3426
2262,53.224045857903725,58.3408614,0.08770551924172097,3427
2263,53.22404961666663,58.3408614,0.08770545481409996,3428
2264,53.22404961666663,58.3408614,0.08770545481409996,3429
2265,53.23810456666668,58.3408614,0.08746454390427158,3430
2266,53.23810456666668,58.3408614,0.08746454390427158,3430
2267,53.240692929999994,58.3408614,0.08742017768698915,3430
2268,53.240692929999994,58.3408614,0.08742017768698915,3430
2269,53.242329974036764,58.3408614,0.08739211769614422,3431
2270,53.242329974036764,58.3408614,0.08739211769614422,3431
2271,53.24277501833329,58.3408614,0.08738448934980433,3434
2272,53.24277501833329,58.3408614,0.08738448934980433,3435
2273,53.24340197499997,58.3408614,0.08737374290808864,3436
2274,53.24340197499997,58.3408614,0.08737374290808864,3437
2275,53.24353987000005,58.3408614,0.0873713792988314,3438
2276,53.24353987000005,58.3408614,0.0873713792988314,3439
2277,53.25544629,58.3408614,0.08716729557921817,3440
2278,53.25544629,58.3408614,0.08716729557921817,3441
2279,53.256285289999994,58.3408614,0.08715291457798063,3441
2280,53.256285289999994,58.3408614,0.08715291457798063,3442
2281,53.256358734999964,58.3408614,0.08715165568330188,3442
2282,53.256358734999964,58.3408614,0.08715165568330188,3442
2283,53.257463629999975,58.3408614,0.08713271707023555,3443
2284,53.257463629999975,58.3408614,0.08713271707023555,3443
2285,53.25793633666669,58.3408614,0.08712461457302571,3444
2286,53.25793633666669,58.3408614,0.08712461457302571,3444
2287,53.26025344333329,58.3408614,0.08708489786999804,3445
2288,53.26025344333329,58.3408614,0.08708489786999804,3445
2289,53.261393040000016,58.3408614,0.08706536444797823,3445
2290,53.261393040000016,58.3408614,0.08706536444797823,3445
2291,53.26585803000003,58.3408614,0.08698883163901945,3446
2292,53.26585803000003,58.3408614,0.08698883163901945,3446
2293,53.26597922333332,58.3408614,0.0869867543071053,3447
2294,53.26597922333332,58.3408614,0.0869867543071053,3447
2295,53.26798929833334,58.3408614,0.08695230032490849,3448
2296,53.26798929833334,58.3408614,0.08695230032490849,3449
2297,53.26865860333331,58.3408614,0.08694082800544138,3449
2298,53.26865860333331,58.3408614,0.08694082800544138,3449
2299,53.2715011933333,58.3408614,0.08689210417909086,3449
2300,53.2715011933333,58.3408614,0.08689210417909086,3449
2301,53.27243806166669,58.3408614,0.08687604565148417,3449
2302,53.27243806166669,58.3408614,0.08687604565148417,3449
2303,53.281496490000016,58.3408614,0.08672077834627215,3450
2304,53.281496490000016,58.3408614,0.08672077834627215,3451
2305,53.292683541666705,58.3408614,0.08652902506395452,3452
2306,53.292683541666705,58.3408614,0.08652902506395452,3453
2307,53.30845510333333,58.3408614,0.08625869032277729,3453
2308,53.30845510333333,58.3408614,0.08625869032277729,3453
2309,53.319304123333325,58.3408614,0.08607273112129052,3454
2310,53.319304123333325,58.3408614,0.08607273112129052,3454
2311,53.32666177,58.3408614,0.08594661631101662,3455
2312,53.32666177,58.3408614,0.08594661631101662,3455
2313,53.333491443333344,58.3408614,0.08582955130427089,3455
2314,53.333491443333344,58.3408614,0.08582955130427089,3455
2315,53.34256106166666,58.3408614,0.08567409219524043,3456
2316,53.34256106166666,58.3408614,0.08567409219524043,3456
2317,53.34862598333336,58.3408614,0.08557013552540103,3456
2318,53.34862598333336,58.3408614,0.08557013552540103,3456
2319,53.352576790000036,58.3408614,0.08550241615047469,3457
2320,53.352576790000036,58.3408614,0.08550241615047469,3458
2321,53.35423108333326,58.3408614,0.08547406049556101,3458
2322,53.35423108333326,58.3408614,0.08547406049556101,3458
2323,53.363920348333295,58.3408614,0.0853079802429298,3459
2324,53.363920348333295,58.3408614,0.0853079802429298,3459
2325,53.37029218748104,58.3408614,0.08519876280947336,3460
2326,53.37029218748104,58.3408614,0.08519876280947336,3460
2327,53.37741866166667,58.3408614,0.08507661044465371,3460
2328,53.37741866166667,58.3408614,0.08507661044465371,3460
2329,53.38323474666669,58.3408614,0.08497691899580546,3460
2330,53.38323474666669,58.3408614,0.08497691899580546,3460
2331,53.38676664833331,58.3408614,0.08491637992281503,3461
2332,53.38676664833331,58.3408614,0.08491637992281503,3461
2333,53.38939251666669,58.3408614,0.08487137084563706,3462
2334,53.38939251666669,58.3408614,0.08487137084563706,3462
2335,53.39120603999999,58.3408614,0.08484028588580299,3462
2336,53.39120603999999,58.3408614,0.08484028588580299,3463
2337,53.39353893666663,58.3408614,0.08480029853198862,3464
2338,53.39353893666663,58.3408614,0.08480029853198862,3464
2339,53.39654237333335,58.3408614,0.08474881769000851,3465
2340,53.39654237333335,58.3408614,0.08474881769000851,3465
2341,53.40027042666666,58.3408614,0.08468491645091382,3466
2342,53.40027042666666,58.3408614,0.08468491645091382,3466
2343,53.401154906666655,58.3408614,0.08466975589313713,3466
2344,53.401154906666655,58.3408614,0.08466975589313713,3466
2345,53.414006886666655,58.3408614,0.0844494646651437,3467
2346,53.414006886666655,58.3408614,0.0844494646651437,3467
2347,53.420069513333324,58.3408614,0.08434554733308544,3467
2348,53.420069513333324,58.3408614,0.08434554733308544,3468
2349,53.420640763333324,58.3408614,0.0843357557395729,3468
2350,53.420640763333324,58.3408614,0.0843357557395729,3468
2351,53.42064943333332,58.3408614,0.08433560713018003,3469
2352,53.42064943333332,58.3408614,0.08433560713018003,3469
2353,53.42151288333331,58.3408614,0.08432080704016987,3469
2354,53.42151288333331,58.3408614,0.08432080704016987,3469
2355,53.42484914000004,58.3408614,0.08426362144868775,3469
2356,53.42484914000004,58.3408614,0.08426362144868775,3470
2357,53.43411193000001,58.3408614,0.08410485125267612,3471
2358,53.43411193000001,58.3408614,0.08410485125267612,3471
2359,53.44976870711296,58.3408614,0.08383648399279621,3471
2360,53.44976870711296,58.3408614,0.08383648399279621,3477
2361,53.45412669666669,58.3408614,0.08376178524051259,3478
2362,53.45412669666669,58.3408614,0.08376178524051259,3478
2363,53.45889138999999,58.3408614,0.08368011532308316,3479
2364,53.45889138999999,58.3408614,0.08368011532308316,3479
2365,53.46113034666669,58.3408614,0.08364173816146823,3480
2366,53.46113034666669,58.3408614,0.08364173816146823,3480
2367,53.46205954999995,58.3408614,0.0836258110169085,3481
2368,53.46205954999995,58.3408614,0.0836258110169085,3481
2369,53.46361577928347,58.3408614,0.0835991362430677,3482
2370,53.46361577928347,53.4641684,1.0336281907380502e-05,3483
