iteration,LB,UB,gap,n_cuts
1,29.13605070697305,inf,inf,8
2,29.13605070697305,inf,inf,12
3,29.591359472181374,inf,inf,13
4,29.591359472181374,inf,inf,20
5,30.09030705137164,inf,inf,20
6,30.09030705137164,inf,inf,25
7,30.115161707777766,inf,inf,26
8,30.115161707777766,inf,inf,30
9,30.53218415666668,inf,inf,33
10,30.53218415666668,inf,inf,34
11,30.598757252697272,inf,inf,37
12,30.598757252697272,inf,inf,41
13,30.688290173667838,inf,inf,41
14,30.688290173667838,inf,inf,49
15,30.97340957302621,inf,inf,50
16,30.97340957302621,inf,inf,51
17,31.203529605517716,inf,inf,52
18,31.203529605517716,inf,inf,57
19,31.253051550000016,inf,inf,60
20,31.253051550000016,inf,inf,61
21,31.467106183333357,inf,inf,64
22,31.467106183333357,inf,inf,65
23,31.67275512169901,inf,inf,69
24,31.67275512169901,inf,inf,73
25,31.855244168802507,inf,inf,74
26,31.855244168802507,inf,inf,75
27,32.003072743333334,inf,inf,83
28,32.003072743333334,inf,inf,84
29,32.206472549999994,inf,inf,85
30,32.206472549999994,inf,inf,86
31,32.48079041,inf,inf,86
32,32.48079041,inf,inf,86
33,32.50990849449565,inf,inf,86
34,32.50990849449565,inf,inf,87
35,32.723018090986656,inf,inf,88
36,32.723018090986656,inf,inf,95
37,32.75162016999999,inf,inf,96
38,32.75162016999999,inf,inf,97
39,32.92607105000001,inf,inf,98
40,32.92607105000001,inf,inf,99
41,33.00866294777774,inf,inf,101
42,33.00866294777774,inf,inf,102
43,33.011457863333334,inf,inf,103
44,33.011457863333334,inf,inf,104
45,33.131218045111126,inf,inf,105
46,33.131218045111126,inf,inf,106
47,33.14215789016065,inf,inf,107
48,33.14215789016065,inf,inf,108
49,33.15899007666667,inf,inf,109
50,33.15899007666667,inf,inf,110
51,33.18452274333335,inf,inf,111
52,33.18452274333335,inf,inf,112
53,33.40628112784404,inf,inf,113
54,33.40628112784404,inf,inf,118
55,33.54933425000001,inf,inf,119
56,33.54933425000001,inf,inf,120
57,33.6776827674026,inf,inf,121
58,33.6776827674026,inf,inf,123
59,33.721221169999964,inf,inf,123
60,33.721221169999964,inf,inf,124
61,33.81234275666667,inf,inf,125
62,33.81234275666667,inf,inf,126
63,33.930318823333316,inf,inf,127
64,33.930318823333316,inf,inf,128
65,33.99232244620367,inf,inf,129
66,33.99232244620367,inf,inf,131
67,34.02070853000001,inf,inf,132
68,34.02070853000001,inf,inf,133
69,34.07912519666668,inf,inf,134
70,34.07912519666668,inf,inf,135
71,34.14316311666664,inf,inf,140
72,34.14316311666664,inf,inf,145
73,34.14593167666666,inf,inf,147
74,34.14593167666666,inf,inf,147
75,34.16317150333335,inf,inf,148
76,34.16317150333335,inf,inf,149
77,34.16747866333333,inf,inf,150
78,34.16747866333333,inf,inf,151
79,34.22182453000001,inf,inf,156
80,34.22182453000001,inf,inf,157
81,34.39021489000001,inf,inf,158
82,34.39021489000001,inf,inf,162
83,34.41865371666665,inf,inf,163
84,34.41865371666665,inf,inf,165
85,34.43920439666668,inf,inf,166
86,34.43920439666668,inf,inf,166
87,34.48477194333336,inf,inf,167
88,34.48477194333336,inf,inf,168
89,34.49270103333335,inf,inf,169
90,34.49270103333335,inf,inf,170
91,34.54060335666664,inf,inf,171
92,34.54060335666664,inf,inf,172
93,34.635373676666674,inf,inf,177
94,34.635373676666674,inf,inf,178
95,34.649606850000026,inf,inf,179
96,34.649606850000026,inf,inf,180
97,34.694549236666674,inf,inf,181
98,34.694549236666674,inf,inf,182
99,34.70908771666666,inf,inf,183
100,34.70908771666666,inf,inf,184
101,34.75070277545151,inf,inf,185
102,34.75070277545151,inf,inf,189
103,34.81611594569944,inf,inf,190
104,34.81611594569944,inf,inf,191
105,34.876287414932065,inf,inf,192
106,34.876287414932065,inf,inf,193
107,34.94445757666665,inf,inf,197
108,34.94445757666665,inf,inf,202
109,34.99083102333337,inf,inf,202
110,34.99083102333337,inf,inf,204
111,35.02177972869732,inf,inf,204
112,35.02177972869732,inf,inf,205
113,35.04013134333332,inf,inf,208
114,35.04013134333332,inf,inf,209
115,35.243947449999986,inf,inf,209
116,35.243947449999986,inf,inf,215
117,35.25459598275305,inf,inf,216
118,35.25459598275305,inf,inf,217
119,35.25637586333336,inf,inf,219
120,35.25637586333336,inf,inf,220
121,35.2997652587597,inf,inf,220
122,35.2997652587597,inf,inf,221
123,35.343808636666665,inf,inf,221
124,35.343808636666665,inf,inf,226
125,35.415168476666665,inf,inf,227
126,35.415168476666665,inf,inf,228
127,35.429793436666685,inf,inf,229
128,35.429793436666685,inf,inf,230
129,35.440852096666646,inf,inf,235
130,35.440852096666646,inf,inf,236
131,35.492906076666685,inf,inf,237
132,35.492906076666685,inf,inf,239
133,35.61479034333332,inf,inf,240
134,35.61479034333332,inf,inf,244
135,35.65572754237445,inf,inf,245
136,35.65572754237445,inf,inf,246
137,35.74817236,inf,inf,246
138,35.74817236,inf,inf,247
139,36.034827996666664,inf,inf,247
140,36.034827996666664,inf,inf,248
141,36.05315954333335,inf,inf,252
142,36.05315954333335,inf,inf,252
143,36.062391457851234,inf,inf,257
144,36.062391457851234,inf,inf,257
145,36.10173805648989,inf,inf,257
146,36.10173805648989,inf,inf,258
147,36.103307943333334,inf,inf,259
148,36.103307943333334,inf,inf,262
149,36.11751658333329,inf,inf,263
150,36.11751658333329,inf,inf,264
151,36.14926635666664,inf,inf,265
152,36.14926635666664,inf,inf,266
153,36.18490046333332,inf,inf,267
154,36.18490046333332,inf,inf,268
155,36.217512676666686,inf,inf,269
156,36.217512676666686,inf,inf,270
157,36.33510271666662,inf,inf,271
158,36.33510271666662,inf,inf,272
159,36.41054699132508,inf,inf,273
160,36.41054699132508,inf,inf,274
161,36.469437263333305,inf,inf,275
162,36.469437263333305,inf,inf,278
163,36.6655255093674,inf,inf,279
164,36.6655255093674,inf,inf,280
165,36.73315350333335,inf,inf,280
166,36.73315350333335,inf,inf,283
167,36.79531074333334,inf,inf,284
168,36.79531074333334,inf,inf,285
169,36.798591396666644,inf,inf,285
170,36.798591396666644,inf,inf,286
171,36.87235763666665,inf,inf,286
172,36.87235763666665,inf,inf,287
173,36.95766154333333,inf,inf,288
174,36.95766154333333,inf,inf,291
175,36.97203089000001,inf,inf,292
176,36.97203089000001,inf,inf,292
177,36.97595142999999,inf,inf,293
178,36.97595142999999,inf,inf,294
179,36.977107143888915,inf,inf,295
180,36.977107143888915,inf,inf,304
181,36.99145663500002,inf,inf,305
182,36.99145663500002,inf,inf,313
183,37.11588794333329,inf,inf,314
184,37.11588794333329,inf,inf,318
185,37.21919230566144,inf,inf,318
186,37.21919230566144,inf,inf,321
187,37.271153370000015,inf,inf,322
188,37.271153370000015,inf,inf,326
189,37.32968602198457,inf,inf,326
190,37.32968602198457,inf,inf,327
191,37.42782981036656,inf,inf,328
192,37.42782981036656,inf,inf,329
193,37.463359781666654,inf,inf,330
194,37.463359781666654,inf,inf,331
195,37.48920549000002,inf,inf,332
196,37.48920549000002,inf,inf,333
197,37.5248619938095,inf,inf,333
198,37.5248619938095,inf,inf,341
199,37.57902289666668,inf,inf,341
200,37.57902289666668,inf,inf,342
201,37.67530327666669,inf,inf,343
202,37.67530327666669,inf,inf,348
203,37.682911983333355,inf,inf,349
204,37.682911983333355,inf,inf,350
205,37.697480663333344,inf,inf,351
206,37.697480663333344,inf,inf,352
207,37.84726658833331,inf,inf,352
208,37.84726658833331,inf,inf,357
209,37.89016622333335,inf,inf,358
210,37.89016622333335,inf,inf,359
211,37.96672495666668,inf,inf,360
212,37.96672495666668,inf,inf,360
213,38.02941467666665,inf,inf,361
214,38.02941467666665,inf,inf,362
215,38.07956569000004,inf,inf,365
216,38.07956569000004,inf,inf,371
217,38.09773459666667,inf,inf,371
218,38.09773459666667,inf,inf,372
219,38.121468689999986,inf,inf,378
220,38.121468689999986,inf,inf,379
221,38.15714724333333,inf,inf,384
222,38.15714724333333,inf,inf,385
223,38.21761578333332,inf,inf,386
224,38.21761578333332,inf,inf,387
225,38.24859397000002,inf,inf,388
226,38.24859397000002,inf,inf,390
227,38.29124386333331,inf,inf,391
228,38.29124386333331,inf,inf,392
229,38.33164609000001,inf,inf,393
230,38.33164609000001,inf,inf,394
231,38.33675337000004,inf,inf,394
232,38.33675337000004,inf,inf,395
233,38.359293115,inf,inf,395
234,38.359293115,inf,inf,396
235,38.44152397000002,inf,inf,397
236,38.44152397000002,inf,inf,398
237,38.45823674333332,inf,inf,399
238,38.45823674333332,inf,inf,400
239,38.537251943333345,inf,inf,401
240,38.537251943333345,inf,inf,402
241,38.57603363999999,inf,inf,406
242,38.57603363999999,inf,inf,411
243,38.62621384333335,inf,inf,411
244,38.62621384333335,inf,inf,412
245,38.68823246272326,inf,inf,413
246,38.68823246272326,inf,inf,414
247,38.82583518833336,inf,inf,414
248,38.82583518833336,inf,inf,417
249,38.83924054215656,inf,inf,418
250,38.83924054215656,inf,inf,427
251,38.85342604792881,inf,inf,427
252,38.85342604792881,inf,inf,431
253,39.02432975666668,inf,inf,431
254,39.02432975666668,inf,inf,432
255,39.02673923069271,inf,inf,433
256,39.02673923069271,inf,inf,434
257,39.05653603500002,inf,inf,440
258,39.05653603500002,inf,inf,446
259,39.068310350000004,inf,inf,447
260,39.068310350000004,inf,inf,448
261,39.13977866166668,inf,inf,451
262,39.13977866166668,64.85877413333334,0.39653841466067286,453
263,39.14191762999998,64.85877413333334,0.39650543580219333,454
264,39.14191762999998,64.85877413333334,0.39650543580219333,457
265,39.17850728495641,64.85877413333334,0.39594129231589786,460
266,39.17850728495641,64.85877413333334,0.39594129231589786,461
267,39.18435064666668,64.85877413333334,0.39585119869651714,461
268,39.18435064666668,64.85877413333334,0.39585119869651714,462
269,39.50910842333333,64.85877413333334,0.3908440461407345,462
270,39.50910842333333,64.85877413333334,0.3908440461407345,463
271,39.61114183666666,64.85877413333334,0.38927088330044435,468
272,39.61114183666666,64.85877413333334,0.38927088330044435,469
273,39.760302369999955,64.85877413333334,0.38697110913223914,470
274,39.760302369999955,64.85877413333334,0.38697110913223914,471
275,39.83386928666671,64.85877413333334,0.385836845994371,471
276,39.83386928666671,64.85877413333334,0.385836845994371,472
277,39.864672383333314,64.85877413333334,0.38536192032582106,472
278,39.864672383333314,64.85877413333334,0.38536192032582106,476
279,39.88523198333334,64.85877413333334,0.3850449300608222,477
280,39.88523198333334,64.85877413333334,0.3850449300608222,478
281,39.94402410880211,64.85877413333334,0.3841384663440102,479
282,39.94402410880211,64.85877413333334,0.3841384663440102,480
283,39.947495916666675,64.85877413333334,0.3840849376131491,481
284,39.947495916666675,64.85877413333334,0.3840849376131491,482
285,40.00258470666665,64.85877413333334,0.383235572346289,482
286,40.00258470666665,64.85877413333334,0.383235572346289,483
287,40.02016629888891,64.85877413333334,0.382964497345918,483
288,40.02016629888891,64.85877413333334,0.382964497345918,484
289,40.06430927666666,64.85877413333334,0.38228389586419703,485
290,40.06430927666666,64.85877413333334,0.38228389586419703,486
291,40.126748649999996,64.85877413333334,0.3813211984625321,487
292,40.126748649999996,64.85877413333334,0.3813211984625321,487
293,40.13629028202898,64.85877413333334,0.38117408448826284,488
294,40.13629028202898,64.85877413333334,0.38117408448826284,489
295,40.137320188333305,64.85877413333334,0.38115820527503247,489
296,40.137320188333305,64.85877413333334,0.38115820527503247,490
297,40.15477037999999,64.85877413333334,0.3808891562234607,491
298,40.15477037999999,64.85877413333334,0.3808891562234607,492
299,40.16039585333334,64.85877413333334,0.3808024220320036,492
300,40.16039585333334,64.85877413333334,0.3808024220320036,498
301,40.19810034333332,64.85877413333334,0.3802210898914597,498
302,40.19810034333332,64.85877413333334,0.3802210898914597,499
303,40.25265863271103,64.85877413333334,0.37937990394388765,500
304,40.25265863271103,64.85877413333334,0.37937990394388765,501
305,40.384472750000015,64.85877413333334,0.3773475788028357,502
306,40.384472750000015,64.85877413333334,0.3773475788028357,502
307,40.38618150000002,64.85877413333334,0.37732123309983967,503
308,40.38618150000002,64.85877413333334,0.37732123309983967,504
309,40.39883381,64.85877413333334,0.3771261583367248,504
310,40.39883381,64.85877413333334,0.3771261583367248,505
311,40.42208604833337,64.85877413333334,0.37676765266584106,509
312,40.42208604833337,64.85877413333334,0.37676765266584106,509
313,40.457678410000014,62.105269199999995,0.34856286863981556,511
314,40.457678410000014,62.105269199999995,0.34856286863981556,512
315,40.49968026333332,62.105269199999995,0.3478865676773635,512
316,40.49968026333332,62.105269199999995,0.3478865676773635,516
317,40.53479796333334,62.105269199999995,0.34732111324084974,517
318,40.53479796333334,62.105269199999995,0.34732111324084974,517
319,40.56509904333333,62.105269199999995,0.3468332145425539,518
320,40.56509904333333,62.105269199999995,0.3468332145425539,522
321,40.57457775666664,62.105269199999995,0.34668059120712025,527
322,40.57457775666664,62.105269199999995,0.34668059120712025,531
323,40.63235284399185,62.105269199999995,0.3457503144678124,532
324,40.63235284399185,62.105269199999995,0.3457503144678124,537
325,40.65396586483759,62.105269199999995,0.34540230823381424,537
326,40.65396586483759,62.105269199999995,0.34540230823381424,537
327,40.659636258333364,62.105269199999995,0.3453110052965785,538
328,40.659636258333364,62.105269199999995,0.3453110052965785,539
329,40.66689208429993,62.105269199999995,0.34519417421187293,539
330,40.66689208429993,62.105269199999995,0.34519417421187293,540
331,40.681121292264166,62.105269199999995,0.34496505986863724,540
332,40.681121292264166,62.105269199999995,0.34496505986863724,542
333,40.68215034333332,62.105269199999995,0.3449484904038815,542
334,40.68215034333332,62.105269199999995,0.3449484904038815,543
335,40.69449809,62.105269199999995,0.3447496707735065,544
336,40.69449809,62.105269199999995,0.3447496707735065,544
337,40.732074276666665,62.105269199999995,0.3441446305385845,545
338,40.732074276666665,62.105269199999995,0.3441446305385845,547
339,40.734802570000035,62.105269199999995,0.34410070039596513,547
340,40.734802570000035,62.105269199999995,0.34410070039596513,548
341,40.73827644333335,62.105269199999995,0.34404476515281973,551
342,40.73827644333335,62.105269199999995,0.34404476515281973,551
343,40.77981521000001,62.105269199999995,0.34337592066986783,551
344,40.77981521000001,62.105269199999995,0.34337592066986783,552
345,40.794553529999995,62.105269199999995,0.34313860876075236,553
346,40.794553529999995,62.105269199999995,0.34313860876075236,554
347,40.831758543333294,62.105269199999995,0.3425395450450234,555
348,40.831758543333294,62.105269199999995,0.3425395450450234,555
349,40.89346775666664,62.105269199999995,0.34154592221513724,556
350,40.89346775666664,62.105269199999995,0.34154592221513724,557
351,40.95303488999999,62.105269199999995,0.34058679050053947,558
352,40.95303488999999,62.105269199999995,0.34058679050053947,559
353,41.017370583333346,62.105269199999995,0.33955087689510655,559
354,41.017370583333346,62.105269199999995,0.33955087689510655,560
355,41.02395039666668,62.105269199999995,0.3394449307585212,564
356,41.02395039666668,62.105269199999995,0.3394449307585212,568
357,41.0687138233333,62.105269199999995,0.338724163789096,569
358,41.0687138233333,62.105269199999995,0.338724163789096,575
359,41.07314919823111,62.105269199999995,0.3386527467426047,576
360,41.07314919823111,62.105269199999995,0.3386527467426047,580
361,41.090791044905885,62.105269199999995,0.3383686831373418,583
362,41.090791044905885,62.105269199999995,0.3383686831373418,589
363,41.09881773000001,62.105269199999995,0.3382394399153492,589
364,41.09881773000001,62.105269199999995,0.3382394399153492,593
365,41.10187381000004,62.105269199999995,0.33819023185233943,594
366,41.10187381000004,62.105269199999995,0.33819023185233943,595
367,41.119555194999975,62.105269199999995,0.3379055316130893,596
368,41.119555194999975,62.105269199999995,0.3379055316130893,597
369,41.14358080666665,62.105269199999995,0.33751867858151635,598
370,41.14358080666665,62.105269199999995,0.33751867858151635,602
371,41.20504261000002,62.105269199999995,0.3365290394715812,602
372,41.20504261000002,62.105269199999995,0.3365290394715812,603
373,41.21874581,62.105269199999995,0.3363083947472849,604
374,41.21874581,62.105269199999995,0.3363083947472849,604
375,41.26136272333335,62.105269199999995,0.3356221902773211,605
376,41.26136272333335,62.105269199999995,0.3356221902773211,606
377,41.28716534333334,62.105269199999995,0.33520672440248683,606
378,41.28716534333334,62.105269199999995,0.33520672440248683,607
379,41.40140332999997,62.105269199999995,0.3333672993724021,608
380,41.40140332999997,62.105269199999995,0.3333672993724021,609
381,41.43798494000001,62.105269199999995,0.332778273505978,609
382,41.43798494000001,62.105269199999995,0.332778273505978,609
383,41.44891287666667,62.105269199999995,0.33260231522083683,609
384,41.44891287666667,62.105269199999995,0.33260231522083683,609
385,41.46221474166667,62.105269199999995,0.3323881326696403,610
386,41.46221474166667,62.105269199999995,0.3323881326696403,615
387,41.52111738675477,62.105269199999995,0.3314397003410015,616
388,41.52111738675477,62.105269199999995,0.3314397003410015,617
389,41.59934892333335,62.105269199999995,0.3301800401288116,618
390,41.59934892333335,62.105269199999995,0.3301800401288116,619
391,41.61482470166668,62.105269199999995,0.32993085389175514,620
392,41.61482470166668,62.105269199999995,0.32993085389175514,624
393,41.66513067666668,62.105269199999995,0.3291208425086952,625
394,41.66513067666668,62.105269199999995,0.3291208425086952,626
395,41.665728516666704,62.105269199999995,0.3291112162723432,627
396,41.665728516666704,62.105269199999995,0.3291112162723432,628
397,41.68064346915695,62.105269199999995,0.3288710602810341,629
398,41.68064346915695,62.105269199999995,0.3288710602810341,634
399,41.68322545666666,62.105269199999995,0.32882948590992234,634
400,41.68322545666666,62.105269199999995,0.32882948590992234,634
401,41.710636845,62.105269199999995,0.3283881161407154,635
402,41.710636845,62.105269199999995,0.3283881161407154,636
403,41.71273019666668,62.105269199999995,0.3283544096341074,637
404,41.71273019666668,62.105269199999995,0.3283544096341074,637
405,41.74103367666667,62.105269199999995,0.32789867567844516,638
406,41.74103367666667,62.105269199999995,0.32789867567844516,646
407,41.81196726081696,62.105269199999995,0.3267565248583294,647
408,41.81196726081696,62.105269199999995,0.3267565248583294,650
409,41.91938801000002,62.105269199999995,0.32502686889569066,653
410,41.91938801000002,62.105269199999995,0.32502686889569066,654
411,41.91977503153741,62.105269199999995,0.3250206371935762,655
412,41.91977503153741,62.105269199999995,0.3250206371935762,660
413,41.930446841666665,62.105269199999995,0.3248488029793989,661
414,41.930446841666665,61.10010253333333,0.313741792515137,663
415,41.93790861000001,61.10010253333333,0.3136196688520994,664
416,41.93790861000001,61.10010253333333,0.3136196688520994,665
417,41.970967729999984,61.10010253333333,0.3130786039662927,666
418,41.970967729999984,61.10010253333333,0.3130786039662927,667
419,42.02431777368258,61.10010253333333,0.3122054459604859,668
420,42.02431777368258,61.10010253333333,0.3122054459604859,673
421,42.035210410000005,61.10010253333333,0.31202717070617714,677
422,42.035210410000005,61.10010253333333,0.31202717070617714,678
423,42.077555909999965,61.10010253333333,0.3113341194960444,679
424,42.077555909999965,61.10010253333333,0.3113341194960444,679
425,42.12204701000002,61.10010253333333,0.3106059521418934,680
426,42.12204701000002,61.10010253333333,0.3106059521418934,681
427,42.25704562999999,61.10010253333333,0.3083964858005509,681
428,42.25704562999999,61.10010253333333,0.3083964858005509,682
429,42.26907246333333,61.10010253333333,0.30819964761477575,683
430,42.26907246333333,61.10010253333333,0.30819964761477575,685
431,42.331585348333334,61.10010253333333,0.30717652519094835,686
432,42.331585348333334,61.10010253333333,0.30717652519094835,687
433,42.475336628888904,61.10010253333333,0.30482380768974376,688
434,42.475336628888904,61.10010253333333,0.30482380768974376,689
435,42.53817009000002,61.10010253333333,0.3037954385298583,690
436,42.53817009000002,61.10010253333333,0.3037954385298583,691
437,42.55505641201501,61.10010253333333,0.3035190671112379,692
438,42.55505641201501,61.10010253333333,0.3035190671112379,694
439,42.57735795810004,61.10010253333333,0.3031540669694974,696
440,42.57735795810004,61.10010253333333,0.3031540669694974,696
441,42.61174744,61.10010253333333,0.30259122860304455,699
442,42.61174744,61.10010253333333,0.30259122860304455,700
443,42.682288066666686,61.10010253333333,0.30143671946571204,701
444,42.682288066666686,61.10010253333333,0.30143671946571204,701
445,42.751965176790875,61.10010253333333,0.30029634314496567,701
446,42.751965176790875,61.10010253333333,0.30029634314496567,702
447,42.79707874333333,61.10010253333333,0.29955798813945905,703
448,42.79707874333333,61.10010253333333,0.29955798813945905,704
449,42.87437756666668,61.10010253333333,0.2982928704043263,705
450,42.87437756666668,61.10010253333333,0.2982928704043263,706
451,42.978936756666684,61.10010253333333,0.2965815935706588,706
452,42.978936756666684,61.10010253333333,0.2965815935706588,707
453,42.97962201,61.10010253333333,0.296570378313975,708
454,42.97962201,61.10010253333333,0.296570378313975,709
455,43.05678675911042,61.10010253333333,0.29530745491596067,710
456,43.05678675911042,61.10010253333333,0.29530745491596067,711
457,43.1142622966667,61.10010253333333,0.29436677666546307,712
458,43.1142622966667,61.10010253333333,0.29436677666546307,713
459,43.138124343333345,61.10010253333333,0.29397623645886317,714
460,43.138124343333345,61.10010253333333,0.29397623645886317,715
461,43.20776044333334,61.10010253333333,0.29283653133378573,716
462,43.20776044333334,61.10010253333333,0.29283653133378573,716
463,43.32946363000004,61.10010253333333,0.29084466582749946,716
464,43.32946363000004,61.10010253333333,0.29084466582749946,717
465,43.34067886333335,61.10010253333333,0.29066111076182355,718
466,43.34067886333335,61.10010253333333,0.29066111076182355,719
467,43.34367494333328,61.10010253333333,0.29061207516489806,720
468,43.34367494333328,61.10010253333333,0.29061207516489806,721
469,43.36583633000002,61.10010253333333,0.29024936895414094,722
470,43.36583633000002,61.10010253333333,0.29024936895414094,723
471,43.37371672833335,61.10010253333333,0.29012039374777315,723
472,43.37371672833335,61.10010253333333,0.29012039374777315,723
473,43.39718455666666,61.10010253333333,0.28973630554889485,724
474,43.39718455666666,61.10010253333333,0.28973630554889485,725
475,43.41719802999999,61.10010253333333,0.2894087533435215,726
476,43.41719802999999,61.10010253333333,0.2894087533435215,727
477,43.44625344928012,61.10010253333333,0.28893321536444394,728
478,43.44625344928012,61.10010253333333,0.28893321536444394,732
479,43.46391647777776,61.10010253333333,0.2886441319134301,733
480,43.46391647777776,61.10010253333333,0.2886441319134301,734
481,43.479564890000034,61.10010253333333,0.2883880208502164,735
482,43.479564890000034,61.10010253333333,0.2883880208502164,736
483,43.488914340000015,61.10010253333333,0.28823500228539684,737
484,43.488914340000015,61.10010253333333,0.28823500228539684,737
485,43.499027850000004,61.10010253333333,0.2880694786679124,737
486,43.499027850000004,61.10010253333333,0.2880694786679124,738
487,43.51550525000004,61.10010253333333,0.28779979990606336,739
488,43.51550525000004,61.10010253333333,0.28779979990606336,740
489,43.53122714333334,61.10010253333333,0.28754248620802625,741
490,43.53122714333334,61.10010253333333,0.28754248620802625,742
491,43.54306863000001,61.10010253333333,0.28734868151416004,744
492,43.54306863000001,61.10010253333333,0.28734868151416004,745
493,43.5518060442299,61.10010253333333,0.28720567988457807,746
494,43.5518060442299,61.10010253333333,0.28720567988457807,747
495,43.58252860333337,61.10010253333333,0.28670285652046484,747
496,43.58252860333337,61.10010253333333,0.28670285652046484,748
497,43.63003567666664,61.10010253333333,0.2859253279834653,749
498,43.63003567666664,61.10010253333333,0.2859253279834653,750
499,43.63096921,61.10010253333333,0.28591004923114477,751
500,43.63096921,61.10010253333333,0.28591004923114477,752
501,43.644175476666675,61.10010253333333,0.2856939077498851,753
502,43.644175476666675,61.10010253333333,0.2856939077498851,754
503,43.65258525650296,61.10010253333333,0.2855562683763391,755
504,43.65258525650296,61.10010253333333,0.2855562683763391,758
505,43.69385646333336,61.10010253333333,0.2848807996763007,759
506,43.69385646333336,61.10010253333333,0.2848807996763007,759
507,43.72324102666668,61.10010253333333,0.284399874733216,760
508,43.72324102666668,61.10010253333333,0.284399874733216,761
509,43.749795594999995,61.10010253333333,0.28396526714284687,762
510,43.749795594999995,61.10010253333333,0.28396526714284687,763
511,43.75403909333336,61.10010253333333,0.28389581556817806,765
512,43.75403909333336,61.10010253333333,0.28389581556817806,765
513,43.769238485555505,61.10010253333333,0.28364705342880436,766
514,43.769238485555505,61.10010253333333,0.28364705342880436,767
515,43.83104857666666,61.10010253333333,0.2826354333406476,768
516,43.83104857666666,61.10010253333333,0.2826354333406476,769
517,43.84469351666665,61.10010253333333,0.2824121122751462,770
518,43.84469351666665,61.10010253333333,0.2824121122751462,771
519,43.880410063333315,61.10010253333333,0.2818275543908582,771
520,43.880410063333315,61.10010253333333,0.2818275543908582,771
521,43.88189486184014,61.10010253333333,0.28180325331041384,772
522,43.88189486184014,61.10010253333333,0.28180325331041384,773
523,43.89702101000004,61.10010253333333,0.2815556899261847,773
524,43.89702101000004,61.10010253333333,0.2815556899261847,774
525,43.93104488666666,61.10010253333333,0.2809988352687304,775
526,43.93104488666666,61.10010253333333,0.2809988352687304,775
527,43.97006630000001,61.10010253333333,0.2803601880043978,776
528,43.97006630000001,61.10010253333333,0.2803601880043978,777
529,44.00581746999997,61.10010253333333,0.2797750634543948,778
530,44.00581746999997,61.10010253333333,0.2797750634543948,778
531,44.02477946333332,61.10010253333333,0.2794647203854449,779
532,44.02477946333332,61.10010253333333,0.2794647203854449,782
533,44.032937030000014,61.10010253333333,0.27933120888008783,783
534,44.032937030000014,61.10010253333333,0.27933120888008783,784
535,44.12123551166665,61.10010253333333,0.2778860643057647,785
536,44.12123551166665,58.276884133333326,0.24290331976705498,787
537,44.1279384559072,58.276884133333326,0.24278830084762865,788
538,44.1279384559072,58.276884133333326,0.24278830084762865,789
539,44.15155323333332,58.276884133333326,0.24238308396314165,790
540,44.15155323333332,58.276884133333326,0.24238308396314165,791
541,44.17732926333338,58.276884133333326,0.24194078114645218,792
542,44.17732926333338,58.276884133333326,0.24194078114645218,793
543,44.212389613333286,58.276884133333326,0.2413391643901463,794
544,44.212389613333286,58.276884133333326,0.2413391643901463,796
545,44.21254662,58.276884133333326,0.2413364702401579,797
546,44.21254662,58.276884133333326,0.2413364702401579,797
547,44.23657074333333,58.276884133333326,0.24092422919998202,797
548,44.23657074333333,58.276884133333326,0.24092422919998202,797
549,44.248733714332545,58.276884133333326,0.24071551915688183,798
550,44.248733714332545,58.276884133333326,0.24071551915688183,799
551,44.256498119999975,58.276884133333326,0.24058228613004967,804
552,44.256498119999975,58.276884133333326,0.24058228613004967,804
553,44.30517414333332,58.276884133333326,0.2397470317396129,804
554,44.30517414333332,58.276884133333326,0.2397470317396129,805
555,44.333894103333336,58.276884133333326,0.23925421266688573,806
556,44.333894103333336,58.276884133333326,0.23925421266688573,806
557,44.38622882333334,58.276884133333326,0.23835617700869463,806
558,44.38622882333334,58.276884133333326,0.23835617700869463,806
559,44.43361374333334,58.276884133333326,0.23754307725731488,806
560,44.43361374333334,58.276884133333326,0.23754307725731488,807
561,44.44171285,58.276884133333326,0.23740410094128309,808
562,44.44171285,58.276884133333326,0.23740410094128309,814
563,44.45328167022867,58.276884133333326,0.23720558620596885,815
564,44.45328167022867,58.276884133333326,0.23720558620596885,819
565,44.523074263333314,58.276884133333326,0.23600798283127633,820
566,44.523074263333314,58.276884133333326,0.23600798283127633,820
567,44.59135839666668,58.276884133333326,0.23483626381525732,821
568,44.59135839666668,58.276884133333326,0.23483626381525732,822
569,44.59177221000003,58.276884133333326,0.23482916300093776,823
570,44.59177221000003,58.276884133333326,0.23482916300093776,823
571,44.60423439,58.276884133333326,0.23461531869224997,824
572,44.60423439,58.276884133333326,0.23461531869224997,825
573,44.60428112333335,58.276884133333326,0.2346145167733752,826
574,44.60428112333335,58.276884133333326,0.2346145167733752,827
575,44.68150041000001,58.276884133333326,0.23328947533001337,828
576,44.68150041000001,58.276884133333326,0.23328947533001337,833
577,44.68561828596566,58.276884133333326,0.23321881479235962,834
578,44.68561828596566,58.276884133333326,0.23321881479235962,835
579,44.71698529235289,58.276884133333326,0.23268057382677432,836
580,44.71698529235289,58.276884133333326,0.23268057382677432,837
581,44.72747122333332,58.276884133333326,0.23250064088876002,838
582,44.72747122333332,58.276884133333326,0.23250064088876002,839
583,44.74687234333328,58.276884133333326,0.2321677281002936,840
584,44.74687234333328,58.276884133333326,0.2321677281002936,841
585,44.78746179000002,58.276884133333326,0.2314712350178241,844
586,44.78746179000002,58.276884133333326,0.2314712350178241,844
587,44.79022117666666,58.276884133333326,0.2314238854261691,845
588,44.79022117666666,58.276884133333326,0.2314238854261691,846
589,44.85603880999999,58.276884133333326,0.23029449022407253,847
590,44.85603880999999,58.276884133333326,0.23029449022407253,850
591,44.89460143666665,58.276884133333326,0.22963277628311385,851
592,44.89460143666665,58.276884133333326,0.22963277628311385,852
593,44.894672521111104,58.276884133333326,0.2296315565122645,853
594,44.894672521111104,58.276884133333326,0.2296315565122645,854
595,44.89969215666667,58.276884133333326,0.22954542226486585,855
596,44.89969215666667,58.276884133333326,0.22954542226486585,856
597,44.91506138090048,58.276884133333326,0.22928169464005577,859
598,44.91506138090048,58.276884133333326,0.22928169464005577,863
599,44.917614676666645,58.276884133333326,0.22923788145745116,864
600,44.917614676666645,58.276884133333326,0.22923788145745116,866
601,44.921760276666674,58.276884133333326,0.22916674519027283,867
602,44.921760276666674,58.276884133333326,0.22916674519027283,868
603,44.971817238799495,58.276884133333326,0.22830779463247886,868
604,44.971817238799495,58.276884133333326,0.22830779463247886,871
605,44.97883200999998,58.276884133333326,0.22818742493006938,872
606,44.97883200999998,58.276884133333326,0.22818742493006938,873
607,44.988105723333334,58.276884133333326,0.22802829299514746,874
608,44.988105723333334,58.276884133333326,0.22802829299514746,874
609,45.00574502503661,58.276884133333326,0.22772561206143593,874
610,45.00574502503661,58.276884133333326,0.22772561206143593,875
611,45.034135818333326,58.276884133333326,0.22723844131236567,876
612,45.034135818333326,58.276884133333326,0.22723844131236567,877
613,45.03764795666663,58.276884133333326,0.22717817490681677,878
614,45.03764795666663,58.276884133333326,0.22717817490681677,879
615,45.038169021666675,58.276884133333326,0.22716923371155912,880
616,45.038169021666675,58.276884133333326,0.22716923371155912,881
617,45.07534725500001,58.276884133333326,0.22653127521590116,883
618,45.07534725500001,58.276884133333326,0.22653127521590116,884
619,45.091175050000054,58.276884133333326,0.2262596787632866,885
620,45.091175050000054,58.276884133333326,0.2262596787632866,886
621,45.128432382201595,58.276884133333326,0.22562036297357657,887
622,45.128432382201595,58.276884133333326,0.22562036297357657,888
623,45.14009460999999,58.276884133333326,0.22542024541458502,889
624,45.14009460999999,58.276884133333326,0.22542024541458502,890
625,45.14751475666671,58.276884133333326,0.2252929196871192,891
626,45.14751475666671,58.276884133333326,0.2252929196871192,892
627,45.16566339666666,58.276884133333326,0.22498149878207516,892
628,45.16566339666666,58.276884133333326,0.22498149878207516,893
629,45.20322269888888,58.276884133333326,0.22433700134916013,894
630,45.20322269888888,58.276884133333326,0.22433700134916013,895
631,45.25417789898279,58.276884133333326,0.22346263751087858,896
632,45.25417789898279,58.276884133333326,0.22346263751087858,901
633,45.26017995645468,58.276884133333326,0.2233596454315808,903
634,45.26017995645468,58.276884133333326,0.2233596454315808,908
635,45.27774237646965,58.276884133333326,0.2230582837463063,908
636,45.27774237646965,58.276884133333326,0.2230582837463063,909
637,45.291179080000006,58.276884133333326,0.22282771713777558,913
638,45.291179080000006,58.276884133333326,0.22282771713777558,914
639,45.31220535666671,58.276884133333326,0.22246691753464998,915
640,45.31220535666671,58.276884133333326,0.22246691753464998,916
641,45.330659943333316,58.276884133333326,0.2221502467492939,916
642,45.330659943333316,58.276884133333326,0.2221502467492939,916
643,45.33617259499999,58.276884133333326,0.22205565261049168,917
644,45.33617259499999,58.276884133333326,0.22205565261049168,917
645,45.35072093000001,58.276884133333326,0.22180601100359423,918
646,45.35072093000001,58.276884133333326,0.22180601100359423,918
647,45.35269663666665,58.276884133333326,0.2217721089394049,918
648,45.35269663666665,58.276884133333326,0.2217721089394049,919
649,45.36651993000006,58.276884133333326,0.22153490865769832,920
650,45.36651993000006,58.276884133333326,0.22153490865769832,921
651,45.370066636666685,58.276884133333326,0.2214740490781348,922
652,45.370066636666685,58.276884133333326,0.2214740490781348,927
653,45.38050493537638,58.276884133333326,0.22129493348427753,928
654,45.38050493537638,58.276884133333326,0.22129493348427753,929
655,45.411499388333326,58.276884133333326,0.22076308533525787,929
656,45.411499388333326,58.276884133333326,0.22076308533525787,929
657,45.42534427666664,58.276884133333326,0.2205255144949631,930
658,45.42534427666664,58.276884133333326,0.2205255144949631,930
659,45.42957834333329,58.276884133333326,0.22045286018734842,930
660,45.42957834333329,58.276884133333326,0.22045286018734842,930
661,45.44460788999997,58.276884133333326,0.2201949612469676,930
662,45.44460788999997,58.276884133333326,0.2201949612469676,932
663,45.45896642333332,58.276884133333326,0.21994857653462613,933
664,45.45896642333332,58.276884133333326,0.21994857653462613,934
665,45.46679167666668,58.276884133333326,0.21981429939456051,935
666,45.46679167666668,58.276884133333326,0.21981429939456051,936
667,45.46717375913079,58.276884133333326,0.2198077430648976,936
668,45.46717375913079,58.276884133333326,0.2198077430648976,937
669,45.47075590044784,58.276884133333326,0.21974627544578365,937
670,45.47075590044784,58.276884133333326,0.21974627544578365,942
671,45.481272289999964,58.276884133333326,0.21956581985505472,943
672,45.481272289999964,58.276884133333326,0.21956581985505472,944
673,45.48496486166669,58.276884133333326,0.2195024573105117,945
674,45.48496486166669,58.276884133333326,0.2195024573105117,945
675,45.49735695666672,58.276884133333326,0.21928981562274272,946
676,45.49735695666672,58.276884133333326,0.21928981562274272,947
677,45.500886103333364,58.276884133333326,0.219229257363338,948
678,45.500886103333364,58.276884133333326,0.219229257363338,949
679,45.522697107675214,58.276884133333326,0.21885499225520444,950
680,45.522697107675214,58.276884133333326,0.21885499225520444,955
681,45.529027609999986,58.276884133333326,0.21874636423881483,959
682,45.529027609999986,58.276884133333326,0.21874636423881483,960
683,45.53244683222226,58.276884133333326,0.21868769222377615,961
684,45.53244683222226,58.276884133333326,0.21868769222377615,962
685,45.54757808666672,58.276884133333326,0.21842804803261048,963
686,45.54757808666672,58.276884133333326,0.21842804803261048,964
687,45.56483507000002,58.276884133333326,0.2181319274765797,965
688,45.56483507000002,58.276884133333326,0.2181319274765797,965
689,45.581471009999994,58.276884133333326,0.2178464636902539,966
690,45.581471009999994,58.276884133333326,0.2178464636902539,972
691,45.58826430333332,58.276884133333326,0.21772989442897045,973
692,45.58826430333332,58.276884133333326,0.21772989442897045,975
693,45.59275606666666,58.276884133333326,0.2176528181851022,976
694,45.59275606666666,58.276884133333326,0.2176528181851022,977
695,45.59468559333333,58.276884133333326,0.21761970854488435,978
696,45.59468559333333,58.276884133333326,0.21761970854488435,979
697,45.60229794888889,58.276884133333326,0.2174890846162244,980
698,45.60229794888889,58.276884133333326,0.2174890846162244,981
699,45.602724343333335,58.276884133333326,0.21748176791680254,982
700,45.602724343333335,58.276884133333326,0.21748176791680254,983
701,45.64036220999999,58.276884133333326,0.21683592236026,984
702,45.64036220999999,58.276884133333326,0.21683592236026,985
703,45.65135348999999,58.276884133333326,0.21664731790476352,986
704,45.65135348999999,58.276884133333326,0.21664731790476352,987
705,45.673928863333344,58.276884133333326,0.21625993663568774,987
706,45.673928863333344,58.276884133333326,0.21625993663568774,989
707,45.71703549000003,58.276884133333326,0.21552025009774484,990
708,45.71703549000003,58.276884133333326,0.21552025009774484,994
709,45.726009871666676,58.276884133333326,0.2153662545332923,995
710,45.726009871666676,58.276884133333326,0.2153662545332923,996
711,45.756150750154774,58.276884133333326,0.21484905326324608,997
712,45.756150750154774,58.276884133333326,0.21484905326324608,1001
713,45.76398828356973,58.276884133333326,0.21471456540358244,1002
714,45.76398828356973,58.276884133333326,0.21471456540358244,1004
715,45.779566396666695,58.276884133333326,0.21444725335818685,1005
716,45.779566396666695,58.276884133333326,0.21444725335818685,1006
717,45.78229608166664,58.276884133333326,0.2144004134311637,1006
718,45.78229608166664,58.276884133333326,0.2144004134311637,1006
719,45.78585779666666,58.276884133333326,0.21433929631666807,1007
720,45.78585779666666,58.276884133333326,0.21433929631666807,1008
721,45.807227992945954,58.276884133333326,0.2139725952378939,1009
722,45.807227992945954,58.276884133333326,0.2139725952378939,1010
723,45.83824727666668,58.276884133333326,0.2134403210063177,1011
724,45.83824727666668,58.276884133333326,0.2134403210063177,1012
725,45.85629425555558,58.276884133333326,0.21313064455128256,1013
726,45.85629425555558,58.276884133333326,0.21313064455128256,1015
727,45.85770010333333,58.276884133333326,0.21310652095925026,1016
728,45.85770010333333,58.276884133333326,0.21310652095925026,1017
729,45.89646914333332,58.276884133333326,0.21244126507646677,1018
730,45.89646914333332,58.276884133333326,0.21244126507646677,1019
731,45.91282018333338,58.276884133333326,0.21216069002096705,1020
732,45.91282018333338,58.276884133333326,0.21216069002096705,1021
733,45.92010342666666,58.276884133333326,0.21203571348109898,1022
734,45.92010342666666,58.276884133333326,0.21203571348109898,1023
735,45.921130886666646,58.276884133333326,0.21201808281989826,1024
736,45.921130886666646,58.276884133333326,0.21201808281989826,1024
737,45.92441673000002,58.276884133333326,0.21196169951488397,1024
738,45.92441673000002,58.276884133333326,0.21196169951488397,1025
739,45.931635511046125,58.276884133333326,0.2118378291132065,1026
740,45.931635511046125,58.276884133333326,0.2118378291132065,1027
741,45.93509268499997,58.276884133333326,0.2117785058668583,1028
742,45.93509268499997,58.276884133333326,0.2117785058668583,1029
743,45.93644936833334,58.276884133333326,0.21175522591025894,1029
744,45.93644936833334,58.276884133333326,0.21175522591025894,1029
745,46.065386676666655,58.276884133333326,0.20954273102054738,1030
746,46.065386676666655,58.276884133333326,0.20954273102054738,1031
747,46.077400158232514,58.276884133333326,0.2093365861357527,1031
748,46.077400158232514,58.276884133333326,0.2093365861357527,1032
749,46.08582224000001,58.276884133333326,0.20919206774063345,1032
750,46.08582224000001,58.276884133333326,0.20919206774063345,1037
751,46.105842740000014,58.276884133333326,0.20884852672436713,1037
752,46.105842740000014,58.276884133333326,0.20884852672436713,1037
753,46.12639136666666,58.276884133333326,0.20849592333844086,1037
754,46.12639136666666,58.276884133333326,0.20849592333844086,1038
755,46.133476036666686,58.276884133333326,0.20837435421021128,1039
756,46.133476036666686,58.276884133333326,0.20837435421021128,1040
757,46.14160262666667,58.276884133333326,0.20823490629495575,1041
758,46.14160262666667,58.276884133333326,0.20823490629495575,1042
759,46.1864958233333,58.276884133333326,0.20746456317633735,1043
760,46.1864958233333,58.276884133333326,0.20746456317633735,1044
761,46.190356522222224,58.276884133333326,0.20739831565905265,1048
762,46.190356522222224,58.276884133333326,0.20739831565905265,1049
763,46.19912014444442,58.276884133333326,0.20724793661335508,1050
764,46.19912014444442,58.276884133333326,0.20724793661335508,1051
765,46.223807010000016,58.276884133333326,0.20682432327295905,1052
766,46.223807010000016,58.276884133333326,0.20682432327295905,1053
767,46.23818593333333,58.276884133333326,0.2065775886791806,1054
768,46.23818593333333,58.276884133333326,0.2065775886791806,1055
769,46.241154696666634,58.276884133333326,0.20652664629649395,1056
770,46.241154696666634,58.276884133333326,0.20652664629649395,1057
771,46.252147476666686,58.276884133333326,0.206338016101803,1058
772,46.252147476666686,58.276884133333326,0.206338016101803,1058
773,46.263405509999984,58.276884133333326,0.2061448343025232,1059
774,46.263405509999984,58.276884133333326,0.2061448343025232,1060
775,46.30590467666664,58.276884133333326,0.20541557145158862,1065
776,46.30590467666664,58.276884133333326,0.20541557145158862,1067
777,46.31100301666669,58.276884133333326,0.20532808667823696,1068
778,46.31100301666669,58.276884133333326,0.20532808667823696,1069
779,46.32699036999999,58.276884133333326,0.20505375229040793,1070
780,46.32699036999999,58.276884133333326,0.20505375229040793,1071
781,46.32743162333332,58.276884133333326,0.20504618062044153,1072
782,46.32743162333332,58.276884133333326,0.20504618062044153,1072
783,46.34763677666669,58.276884133333326,0.20469947105225075,1072
784,46.34763677666669,58.276884133333326,0.20469947105225075,1073
785,46.34811302802861,58.276884133333326,0.20469129883492995,1073
786,46.34811302802861,58.276884133333326,0.20469129883492995,1074
787,46.351445552222216,58.276884133333326,0.20463411451145128,1075
788,46.351445552222216,58.276884133333326,0.20463411451145128,1076
789,46.35731864166914,58.276884133333326,0.2045333354541241,1077
790,46.35731864166914,58.276884133333326,0.2045333354541241,1078
791,46.36012014333339,58.276884133333326,0.2044852631917526,1079
792,46.36012014333339,58.276884133333326,0.2044852631917526,1079
793,46.364723618333336,58.276884133333326,0.2044062700357456,1079
794,46.364723618333336,58.276884133333326,0.2044062700357456,1079
795,46.38061208453544,58.276884133333326,0.20413363249792263,1080
796,46.38061208453544,58.276884133333326,0.20413363249792263,1083
797,46.406697443333336,58.276884133333326,0.2036860217653685,1084
798,46.406697443333336,58.276884133333326,0.2036860217653685,1084
799,46.41145943666666,58.276884133333326,0.20360430851998582,1085
800,46.41145943666666,58.276884133333326,0.20360430851998582,1086
801,46.42598719499998,58.276884133333326,0.20335501999762617,1086
802,46.42598719499998,58.276884133333326,0.20335501999762617,1086
803,46.43221426166669,58.276884133333326,0.2032481668815183,1087
804,46.43221426166669,58.276884133333326,0.2032481668815183,1087
805,46.43296303166669,58.276884133333326,0.2032353183908837,1088
806,46.43296303166669,58.276884133333326,0.2032353183908837,1089
807,46.43584380000001,58.276884133333326,0.20318588595508758,1090
808,46.43584380000001,58.276884133333326,0.20318588595508758,1090
809,46.46804316499998,58.276884133333326,0.20263336216321315,1090
810,46.46804316499998,58.276884133333326,0.20263336216321315,1094
811,46.47731407666664,58.276884133333326,0.2024742783033856,1095
812,46.47731407666664,58.276884133333326,0.2024742783033856,1095
813,46.48264995999581,58.276884133333326,0.20238271741421784,1095
814,46.48264995999581,58.276884133333326,0.20238271741421784,1096
815,46.49691696333336,58.276884133333326,0.20213790330739448,1097
816,46.49691696333336,58.276884133333326,0.20213790330739448,1098
817,46.52784161000002,58.276884133333326,0.2016072529967859,1099
818,46.52784161000002,58.276884133333326,0.2016072529967859,1100
819,46.56551927666668,58.276884133333326,0.2009607244936412,1101
820,46.56551927666668,58.276884133333326,0.2009607244936412,1104
821,46.56573827666667,58.276884133333326,0.20095696657138348,1109
822,46.56573827666667,58.276884133333326,0.20095696657138348,1112
823,46.5811637120606,58.276884133333326,0.200692274393287,1113
824,46.5811637120606,58.276884133333326,0.200692274393287,1114
825,46.587887009999974,58.276884133333326,0.20057690621533172,1115
826,46.587887009999974,58.276884133333326,0.20057690621533172,1116
827,46.58909194333331,58.276884133333326,0.20055623020714677,1117
828,46.58909194333331,58.276884133333326,0.20055623020714677,1118
829,46.60134361000004,58.276884133333326,0.20034599819407783,1118
830,46.60134361000004,58.276884133333326,0.20034599819407783,1119
831,46.64262548119267,58.276884133333326,0.1996376234790163,1120
832,46.64262548119267,58.276884133333326,0.1996376234790163,1120
833,46.64309522833334,58.276884133333326,0.1996295628706352,1121
834,46.64309522833334,58.276884133333326,0.1996295628706352,1121
835,46.648004861666664,58.276884133333326,0.199545316202229,1122
836,46.648004861666664,58.276884133333326,0.199545316202229,1122
837,46.65694705555553,58.276884133333326,0.19939187296273797,1123
838,46.65694705555553,58.276884133333326,0.19939187296273797,1124
839,46.674721131306,58.276884133333326,0.19908687937883585,1125
840,46.674721131306,58.276884133333326,0.19908687937883585,1126
841,46.683641489999985,58.276884133333326,0.19893381081954956,1127
842,46.683641489999985,58.276884133333326,0.19893381081954956,1128
843,46.69162192833337,58.276884133333326,0.19879687078831648,1129
844,46.69162192833337,58.276884133333326,0.19879687078831648,1129
845,46.69793874333334,58.276884133333326,0.1986884776390617,1130
846,46.69793874333334,58.276884133333326,0.1986884776390617,1131
847,46.69887539666664,58.276884133333326,0.19867240517144047,1132
848,46.69887539666664,58.276884133333326,0.19867240517144047,1133
849,46.708530721111146,58.276884133333326,0.19850672499501892,1134
850,46.708530721111146,58.276884133333326,0.19850672499501892,1135
851,46.72501392166669,58.276884133333326,0.19822388213544137,1136
852,46.72501392166669,58.276884133333326,0.19822388213544137,1136
853,46.726424475,58.276884133333326,0.1981996777986054,1136
854,46.726424475,58.276884133333326,0.1981996777986054,1140
855,46.72663531666665,58.276884133333326,0.19819605986896166,1145
856,46.72663531666665,58.276884133333326,0.19819605986896166,1146
857,46.73473806578758,58.276884133333326,0.19805702105037296,1146
858,46.73473806578758,58.276884133333326,0.19805702105037296,1147
859,46.756482393431,58.276884133333326,0.1976839000785367,1148
860,46.756482393431,58.276884133333326,0.1976839000785367,1152
861,46.77524149666667,58.276884133333326,0.1973620039525744,1152
862,46.77524149666667,58.276884133333326,0.1973620039525744,1152
863,46.79529134333335,58.276884133333326,0.19701795936328567,1153
864,46.79529134333335,58.276884133333326,0.19701795936328567,1154
865,46.80618521333336,58.276884133333326,0.19683102641101802,1155
866,46.80618521333336,58.276884133333326,0.19683102641101802,1155
867,46.83898701,58.276884133333326,0.19626816521563237,1156
868,46.83898701,58.276884133333326,0.19626816521563237,1157
869,46.839631475000004,58.276884133333326,0.19625710654271955,1158
870,46.839631475000004,58.276884133333326,0.19625710654271955,1158
871,46.863820003333316,58.276884133333326,0.19584204440113404,1162
872,46.863820003333316,58.276884133333326,0.19584204440113404,1163
873,46.86571470666664,58.276884133333326,0.19580953231059425,1164
874,46.86571470666664,58.276884133333326,0.19580953231059425,1165
875,46.8679989216667,58.276884133333326,0.19577033640926852,1170
876,46.8679989216667,58.276884133333326,0.19577033640926852,1170
877,46.87530867666662,58.276884133333326,0.1956449049434544,1171
878,46.87530867666662,58.276884133333326,0.1956449049434544,1172
879,46.89411642333335,58.276884133333326,0.19532217412236763,1173
880,46.89411642333335,58.276884133333326,0.19532217412236763,1174
881,46.92310514333332,58.276884133333326,0.19482474327253618,1175
882,46.92310514333332,58.276884133333326,0.19482474327253618,1176
883,46.929178223333324,58.276884133333326,0.19472053248484023,1177
884,46.929178223333324,58.276884133333326,0.19472053248484023,1179
885,46.946759209999996,58.276884133333326,0.19441885220580457,1179
886,46.946759209999996,58.276884133333326,0.19441885220580457,1180
887,46.94752189000002,58.276884133333326,0.19440576502704812,1181
888,46.94752189000002,58.276884133333326,0.19440576502704812,1181
889,46.98777402333332,58.276884133333326,0.19371506006002878,1182
890,46.98777402333332,58.276884133333326,0.19371506006002878,1182
891,46.9981421683333,58.276884133333326,0.19353714826611304,1182
892,46.9981421683333,58.276884133333326,0.19353714826611304,1182
893,47.04071195666661,58.276884133333326,0.19280667358534745,1183
894,47.04071195666661,58.276884133333326,0.19280667358534745,1184
895,47.05069526999998,58.276884133333326,0.19263536529593164,1184
896,47.05069526999998,58.276884133333326,0.19263536529593164,1185
897,47.05442853833334,58.276884133333326,0.19257130441846912,1186
898,47.05442853833334,58.276884133333326,0.19257130441846912,1187
899,47.09032874025302,58.276884133333326,0.19195527625475428,1188
900,47.09032874025302,58.276884133333326,0.19195527625475428,1189
901,47.09365091999998,58.276884133333326,0.19189826943641858,1193
902,47.09365091999998,58.276884133333326,0.19189826943641858,1193
903,47.114451036666665,58.276884133333326,0.19154135061730163,1194
904,47.114451036666665,58.276884133333326,0.19154135061730163,1194
905,47.13713454333333,58.276884133333326,0.1911521138383625,1194
906,47.13713454333333,58.276884133333326,0.1911521138383625,1195
907,47.1499421009479,58.276884133333326,0.1909323430354956,1196
908,47.1499421009479,58.276884133333326,0.1909323430354956,1200
909,47.15498140444444,58.276884133333326,0.1908458712968039,1201
910,47.15498140444444,58.276884133333326,0.1908458712968039,1202
911,47.158658680354804,58.276884133333326,0.19078277121921652,1203
912,47.158658680354804,58.276884133333326,0.19078277121921652,1204
913,47.17211074333332,58.276884133333326,0.19055194105081324,1205
914,47.17211074333332,58.276884133333326,0.19055194105081324,1206
915,47.17314107555554,58.276884133333326,0.1905342611038232,1206
916,47.17314107555554,58.276884133333326,0.1905342611038232,1207
917,47.23020464999999,58.276884133333326,0.18955508084576597,1208
918,47.23020464999999,58.276884133333326,0.18955508084576597,1209
919,47.23942146932819,58.276884133333326,0.1893969251813843,1210
920,47.23942146932819,58.276884133333326,0.1893969251813843,1211
921,47.24295642333334,58.276884133333326,0.18933626727117311,1212
922,47.24295642333334,58.276884133333326,0.18933626727117311,1213
923,47.25479478833331,58.276884133333326,0.18913312729250023,1213
924,47.25479478833331,58.276884133333326,0.18913312729250023,1213
925,47.263503426666645,58.276884133333326,0.1889836917407742,1214
926,47.263503426666645,58.276884133333326,0.1889836917407742,1215
927,47.26365513000001,58.276884133333326,0.18898108859313476,1216
928,47.26365513000001,58.276884133333326,0.18898108859313476,1217
929,47.26643363000002,58.276884133333326,0.1889334110269551,1218
930,47.26643363000002,58.276884133333326,0.1889334110269551,1219
931,47.28863749,58.276884133333326,0.18855240472694126,1219
932,47.28863749,58.276884133333326,0.18855240472694126,1223
933,47.29597128499999,58.276884133333326,0.18842656074765068,1225
934,47.29597128499999,58.276884133333326,0.18842656074765068,1226
935,47.309547323333334,58.276884133333326,0.18819360322881218,1227
936,47.309547323333334,58.276884133333326,0.18819360322881218,1228
937,47.32252421647941,58.276884133333326,0.18797092671926538,1228
938,47.32252421647941,58.276884133333326,0.18797092671926538,1229
939,47.34870842333328,58.276884133333326,0.18752161980721493,1230
940,47.34870842333328,58.276884133333326,0.18752161980721493,1231
941,47.36932565500002,58.276884133333326,0.18716783919637153,1231
942,47.36932565500002,58.276884133333326,0.18716783919637153,1231
943,47.37620603000002,58.276884133333326,0.1870497756605061,1232
944,47.37620603000002,58.276884133333326,0.1870497756605061,1232
945,47.44693305999999,58.276884133333326,0.1858361378510763,1233
946,47.44693305999999,58.276884133333326,0.1858361378510763,1234
947,47.45709087666672,58.276884133333326,0.18566183517827922,1234
948,47.45709087666672,58.276884133333326,0.18566183517827922,1235
949,47.47604580999998,58.276884133333326,0.18533657871312753,1235
950,47.47604580999998,58.276884133333326,0.18533657871312753,1236
951,47.478498298333335,58.276884133333326,0.18529449533187223,1237
952,47.478498298333335,58.276884133333326,0.18529449533187223,1238
953,47.53776185333332,58.276884133333326,0.18427756459026984,1239
954,47.53776185333332,58.276884133333326,0.18427756459026984,1239
955,47.54645212578012,58.276884133333326,0.1841284441872827,1240
956,47.54645212578012,58.276884133333326,0.1841284441872827,1245
957,47.557119696666675,58.276884133333326,0.18394539440613536,1246
958,47.557119696666675,58.276884133333326,0.18394539440613536,1246
959,47.559210063333325,58.276884133333326,0.18390952483799122,1246
960,47.559210063333325,58.276884133333326,0.18390952483799122,1247
961,47.56698759930977,58.276884133333326,0.1837760665021157,1248
962,47.56698759930977,58.276884133333326,0.1837760665021157,1249
963,47.57769538999999,58.276884133333326,0.1835923265707611,1250
964,47.57769538999999,58.276884133333326,0.1835923265707611,1251
965,47.60499929000001,58.276884133333326,0.1831238063263096,1252
966,47.60499929000001,58.276884133333326,0.1831238063263096,1252
967,47.608802396666675,58.276884133333326,0.18305854706059516,1253
968,47.608802396666675,58.276884133333326,0.18305854706059516,1258
969,47.61860711666663,58.276884133333326,0.1828903033367625,1259
970,47.61860711666663,58.276884133333326,0.1828903033367625,1260
971,47.62662526333334,58.276884133333326,0.18275271625080297,1261
972,47.62662526333334,58.276884133333326,0.18275271625080297,1262
973,47.637788543333365,58.276884133333326,0.18256116036777933,1263
974,47.637788543333365,58.276884133333326,0.18256116036777933,1264
975,47.6914582766667,58.276884133333326,0.181640216598539,1265
976,47.6914582766667,58.276884133333326,0.181640216598539,1266
977,47.72251505555552,58.276884133333326,0.18110729897003705,1267
978,47.72251505555552,58.276884133333326,0.18110729897003705,1268
979,47.736679521666645,58.276884133333326,0.18086424434689147,1269
980,47.736679521666645,58.276884133333326,0.18086424434689147,1269
981,47.738403905199995,58.276884133333326,0.18083465485254915,1270
982,47.738403905199995,58.276884133333326,0.18083465485254915,1270
983,47.738589736666654,58.276884133333326,0.1808314660844909,1270
984,47.738589736666654,58.276884133333326,0.1808314660844909,1270
985,47.74135505833334,58.276884133333326,0.18078401465142596,1271
986,47.74135505833334,58.276884133333326,0.18078401465142596,1271
987,47.747907139999995,58.276884133333326,0.18067158445265857,1272
988,47.747907139999995,58.276884133333326,0.18067158445265857,1277
989,47.761917009999976,58.276884133333326,0.18043118261566388,1278
990,47.761917009999976,58.276884133333326,0.18043118261566388,1279
991,47.76562565666665,58.276884133333326,0.18036754423276424,1280
992,47.76562565666665,58.276884133333326,0.18036754423276424,1281
993,47.801080396666656,58.276884133333326,0.17975915995609482,1282
994,47.801080396666656,58.276884133333326,0.17975915995609482,1283
995,47.802021529999976,58.276884133333326,0.17974301061408185,1284
996,47.802021529999976,58.276884133333326,0.17974301061408185,1292
997,47.8458604833333,58.276884133333326,0.17899075774426434,1293
998,47.8458604833333,58.276884133333326,0.17899075774426434,1294
999,47.87912545555554,58.276884133333326,0.17841994870536423,1294
1000,47.87912545555554,58.276884133333326,0.17841994870536423,1295
1001,47.884718433333354,58.276884133333326,0.17832397621368093,1296
1002,47.884718433333354,58.276884133333326,0.17832397621368093,1297
1003,47.88636874333332,58.276884133333326,0.1782956577813469,1298
1004,47.88636874333332,58.276884133333326,0.1782956577813469,1299
1005,47.89250789000001,58.276884133333326,0.17819031332517035,1300
1006,47.89250789000001,58.276884133333326,0.17819031332517035,1300
1007,47.89600874333338,58.276884133333326,0.1781302405641531,1300
1008,47.89600874333338,58.276884133333326,0.1781302405641531,1301
1009,47.91217488999998,58.276884133333326,0.17785283817885036,1302
1010,47.91217488999998,58.276884133333326,0.17785283817885036,1305
1011,47.913677503115935,58.276884133333326,0.17782705414563893,1306
1012,47.913677503115935,58.276884133333326,0.17782705414563893,1307
1013,47.92715547999998,58.276884133333326,0.17759577930854895,1308
1014,47.92715547999998,58.276884133333326,0.17759577930854895,1309
1015,47.93829177000004,58.276884133333326,0.17740468655941397,1309
1016,47.93829177000004,58.276884133333326,0.17740468655941397,1310
1017,47.95398537,58.276884133333326,0.1771353928208529,1310
1018,47.95398537,58.276884133333326,0.1771353928208529,1311
1019,48.00270987333335,58.276884133333326,0.17629930653968048,1311
1020,48.00270987333335,58.276884133333326,0.17629930653968048,1312
1021,48.01357317166666,58.276884133333326,0.17611289818077697,1312
1022,48.01357317166666,58.276884133333326,0.17611289818077697,1312
1023,48.014248490000014,58.276884133333326,0.17610131008125174,1313
1024,48.014248490000014,58.276884133333326,0.17610131008125174,1313
1025,48.032842746666645,58.276884133333326,0.17578224263378683,1314
1026,48.032842746666645,58.276884133333326,0.17578224263378683,1314
1027,48.043062516666666,58.276884133333326,0.17560687687509874,1315
1028,48.043062516666666,58.276884133333326,0.17560687687509874,1315
1029,48.05083835333335,58.276884133333326,0.17547344769846515,1315
1030,48.05083835333335,58.276884133333326,0.17547344769846515,1320
1031,48.05562423499997,58.276884133333326,0.17539132454212633,1320
1032,48.05562423499997,58.276884133333326,0.17539132454212633,1321
1033,48.05593954333333,58.276884133333326,0.17538591402064682,1321
1034,48.05593954333333,58.276884133333326,0.17538591402064682,1324
1035,48.05901512833334,58.276884133333326,0.1753331386355906,1325
1036,48.05901512833334,58.276884133333326,0.1753331386355906,1325
1037,48.06301294333336,58.276884133333326,0.17526453827955799,1325
1038,48.06301294333336,58.276884133333326,0.17526453827955799,1327
1039,48.063811196666705,58.276884133333326,0.17525084068152721,1330
1040,48.063811196666705,58.276884133333326,0.17525084068152721,1330
1041,48.074841143333316,58.276884133333326,0.17506157272682027,1331
1042,48.074841143333316,58.276884133333326,0.17506157272682027,1332
1043,48.081983999999984,58.276884133333326,0.17493900514667432,1333
1044,48.081983999999984,58.276884133333326,0.17493900514667432,1334
1045,48.084238476666705,58.276884133333326,0.17490031953916033,1335
1046,48.084238476666705,58.276884133333326,0.17490031953916033,1336
1047,48.08805120999999,58.276884133333326,0.17483489508502237,1337
1048,48.08805120999999,58.276884133333326,0.17483489508502237,1338
1049,48.08954417321257,58.276884133333326,0.17480927663896462,1338
1050,48.08954417321257,58.276884133333326,0.17480927663896462,1340
1051,48.09856759666665,58.276884133333326,0.17465443954380644,1341
1052,48.09856759666665,58.276884133333326,0.17465443954380644,1342
1053,48.09973710232721,58.276884133333326,0.17463437145543906,1343
1054,48.09973710232721,58.276884133333326,0.17463437145543906,1344
1055,48.10237222333332,58.276884133333326,0.17458915419570914,1345
1056,48.10237222333332,58.276884133333326,0.17458915419570914,1345
1057,48.119493790000014,58.276884133333326,0.17429535731687254,1345
1058,48.119493790000014,58.276884133333326,0.17429535731687254,1345
1059,48.145613296666625,58.276884133333326,0.17384716062525032,1346
1060,48.145613296666625,58.276884133333326,0.17384716062525032,1346
1061,48.1783932633333,58.276884133333326,0.1732846740209275,1347
1062,48.1783932633333,58.276884133333326,0.1732846740209275,1348
1063,48.18474654333329,58.276884133333326,0.1731756551518772,1349
1064,48.18474654333329,58.276884133333326,0.1731756551518772,1350
1065,48.18589728333332,58.276884133333326,0.1731559090721555,1351
1066,48.18589728333332,58.276884133333326,0.1731559090721555,1352
1067,48.18898949000001,58.276884133333326,0.17310284846823545,1352
1068,48.18898949000001,58.276884133333326,0.17310284846823545,1353
1069,48.20468656000004,58.276884133333326,0.1728334951863387,1353
1070,48.20468656000004,58.276884133333326,0.1728334951863387,1353
1071,48.21702953,58.276884133333326,0.17262169645715963,1353
1072,48.21702953,58.276884133333326,0.17262169645715963,1353
1073,48.24090389635867,58.276884133333326,0.17221202516615433,1354
1074,48.24090389635867,58.276884133333326,0.17221202516615433,1355
1075,48.24733323666661,58.276884133333326,0.17210170114311227,1356
1076,48.24733323666661,58.276884133333326,0.17210170114311227,1357
1077,48.2640440366667,58.276884133333326,0.17181495279943193,1358
1078,48.2640440366667,58.276884133333326,0.17181495279943193,1358
1079,48.27616416763371,58.276884133333326,0.17160697786825196,1359
1080,48.27616416763371,58.276884133333326,0.17160697786825196,1360
1081,48.27887758,58.276884133333326,0.17156041717087353,1361
1082,48.27887758,58.276884133333326,0.17156041717087353,1364
1083,48.280406943333304,58.276884133333326,0.1715341741183142,1365
1084,48.280406943333304,58.276884133333326,0.1715341741183142,1365
1085,48.28359167498555,58.276884133333326,0.17147952583538678,1366
1086,48.28359167498555,58.276884133333326,0.17147952583538678,1367
1087,48.29272577540024,58.276884133333326,0.1713227895830883,1368
1088,48.29272577540024,58.276884133333326,0.1713227895830883,1368
1089,48.311030893333324,58.276884133333326,0.17100868360083982,1369
1090,48.311030893333324,58.276884133333326,0.17100868360083982,1369
1091,48.33659839499998,58.276884133333326,0.17056995901823926,1369
1092,48.33659839499998,58.276884133333326,0.17056995901823926,1370
1093,48.33868047777777,58.276884133333326,0.17053423159717424,1371
1094,48.33868047777777,58.276884133333326,0.17053423159717424,1373
1095,48.340487556666666,58.276884133333326,0.17050322309499077,1374
1096,48.340487556666666,58.276884133333326,0.17050322309499077,1375
1097,48.39008364999998,58.276884133333326,0.16965218079801686,1375
1098,48.39008364999998,58.276884133333326,0.16965218079801686,1380
1099,48.3956312133333,58.276884133333326,0.16955698759378462,1381
1100,48.3956312133333,58.276884133333326,0.16955698759378462,1381
1101,48.407008716666674,58.276884133333326,0.1693617557535349,1382
1102,48.407008716666674,58.276884133333326,0.1693617557535349,1383
1103,48.43294165499998,58.276884133333326,0.16891676047420642,1384
1104,48.43294165499998,58.276884133333326,0.16891676047420642,1384
1105,48.44327494333332,58.276884133333326,0.16873944680195002,1385
1106,48.44327494333332,58.276884133333326,0.16873944680195002,1386
1107,48.455465223333306,58.276884133333326,0.16853026815107888,1387
1108,48.455465223333306,58.276884133333326,0.16853026815107888,1388
1109,48.465412490000006,58.276884133333326,0.16835957840308308,1393
1110,48.465412490000006,58.276884133333326,0.16835957840308308,1393
1111,48.46864641000003,58.276884133333326,0.16830408607455327,1394
1112,48.46864641000003,58.276884133333326,0.16830408607455327,1396
1113,48.474029533333336,58.276884133333326,0.16821171457231243,1397
1114,48.474029533333336,58.276884133333326,0.16821171457231243,1398
1115,48.478315345,58.276884133333326,0.1681381723483175,1398
1116,48.478315345,58.276884133333326,0.1681381723483175,1398
1117,48.49005385333329,58.276884133333326,0.1679367458563582,1398
1118,48.49005385333329,58.276884133333326,0.1679367458563582,1398
1119,48.49246673333333,58.276884133333326,0.16789534213280777,1398
1120,48.49246673333333,58.276884133333326,0.16789534213280777,1399
1121,48.503066489999995,58.276884133333326,0.16771345600721443,1399
1122,48.503066489999995,58.276884133333326,0.16771345600721443,1400
1123,48.506296276666646,58.276884133333326,0.167658034604463,1401
1124,48.506296276666646,58.276884133333326,0.167658034604463,1402
1125,48.51324049333337,58.276884133333326,0.16753887557992017,1402
1126,48.51324049333337,58.276884133333326,0.16753887557992017,1402
1127,48.51546901999995,58.276884133333326,0.16750063526045697,1403
1128,48.51546901999995,58.276884133333326,0.16750063526045697,1403
1129,48.529627595000036,58.276884133333326,0.16725768172560954,1403
1130,48.529627595000036,58.276884133333326,0.16725768172560954,1403
1131,48.53081547333339,58.276884133333326,0.16723729837205487,1404
1132,48.53081547333339,58.276884133333326,0.16723729837205487,1405
1133,48.545832032315374,58.276884133333326,0.16697962229336083,1406
1134,48.545832032315374,58.276884133333326,0.16697962229336083,1407
1135,48.57082451999999,58.276884133333326,0.16655076464154417,1408
1136,48.57082451999999,58.276884133333326,0.16655076464154417,1409
1137,48.6166610633333,58.276884133333326,0.1657642342013024,1410
1138,48.6166610633333,58.276884133333326,0.1657642342013024,1411
1139,48.63540857000001,58.276884133333326,0.16544253706622875,1412
1140,48.63540857000001,58.276884133333326,0.16544253706622875,1413
1141,48.65122236333335,58.276884133333326,0.16517118087468693,1414
1142,48.65122236333335,58.276884133333326,0.16517118087468693,1414
1143,48.663244175555555,58.276884133333326,0.16496489304030829,1415
1144,48.663244175555555,58.276884133333326,0.16496489304030829,1416
1145,48.66970467666667,58.276884133333326,0.164854034314637,1417
1146,48.66970467666667,58.276884133333326,0.164854034314637,1418
1147,48.670777410000014,58.276884133333326,0.16483562678737645,1419
1148,48.670777410000014,58.276884133333326,0.16483562678737645,1419
1149,48.68600551333336,58.276884133333326,0.16457432072134676,1420
1150,48.68600551333336,58.276884133333326,0.16457432072134676,1421
1151,48.69951413666668,58.276884133333326,0.16434252000766397,1422
1152,48.69951413666668,58.276884133333326,0.16434252000766397,1422
1153,48.70007881333336,58.276884133333326,0.16433283045965394,1422
1154,48.70007881333336,58.276884133333326,0.16433283045965394,1422
1155,48.70339254333332,58.276884133333326,0.1642759686344339,1422
1156,48.70339254333332,58.276884133333326,0.1642759686344339,1424
1157,48.71994799333333,58.276884133333326,0.1639918860132332,1425
1158,48.71994799333333,58.276884133333326,0.1639918860132332,1425
1159,48.725924756666686,58.276884133333326,0.16388932796775357,1425
1160,48.725924756666686,58.276884133333326,0.16388932796775357,1429
1161,48.72957894333332,58.276884133333326,0.16382662408917495,1430
1162,48.72957894333332,58.276884133333326,0.16382662408917495,1430
1163,48.74733044333335,58.276884133333326,0.16352201789301302,1430
1164,48.74733044333335,58.276884133333326,0.16352201789301302,1430
1165,48.76546283666671,58.276884133333326,0.16321087577203286,1430
1166,48.76546283666671,58.276884133333326,0.16321087577203286,1431
1167,48.78805073111111,58.276884133333326,0.1628232796474232,1431
1168,48.78805073111111,58.276884133333326,0.1628232796474232,1432
1169,48.78810416999998,58.276884133333326,0.16282236266482086,1433
1170,48.78810416999998,58.276884133333326,0.16282236266482086,1434
1171,48.79979015333336,58.276884133333326,0.16262183747362083,1435
1172,48.79979015333336,58.276884133333326,0.16262183747362083,1436
1173,48.80696329777779,58.276884133333326,0.16249875017149226,1437
1174,48.80696329777779,58.276884133333326,0.16249875017149226,1438
1175,48.82434342333333,58.276884133333326,0.16220051656113357,1439
1176,48.82434342333333,58.276884133333326,0.16220051656113357,1439
1177,48.83383314333328,58.276884133333326,0.16203767806794583,1440
1178,48.83383314333328,58.276884133333326,0.16203767806794583,1441
1179,48.83822382333338,58.276884133333326,0.16196233635973004,1442
1180,48.83822382333338,58.276884133333326,0.16196233635973004,1443
1181,48.845452183333336,58.276884133333326,0.1618383015883545,1444
1182,48.845452183333336,58.276884133333326,0.1618383015883545,1445
1183,48.84766712166663,58.276884133333326,0.16180029443738486,1446
1184,48.84766712166663,58.276884133333326,0.16180029443738486,1446
1185,48.850285290000016,58.276884133333326,0.1617553680764045,1446
1186,48.850285290000016,58.276884133333326,0.1617553680764045,1447
1187,48.85678396000003,58.276884133333326,0.16164385439312065,1448
1188,48.85678396000003,58.276884133333326,0.16164385439312065,1449
1189,48.90545410333334,58.276884133333326,0.16080870090032312,1450
1190,48.90545410333334,58.276884133333326,0.16080870090032312,1451
1191,48.90948546333335,58.276884133333326,0.1607395249301257,1452
1192,48.90948546333335,58.276884133333326,0.1607395249301257,1453
1193,48.91032171414347,58.276884133333326,0.16072517531582217,1454
1194,48.91032171414347,58.276884133333326,0.16072517531582217,1455
1195,48.91379859666668,58.276884133333326,0.16066551388101974,1456
1196,48.91379859666668,58.276884133333326,0.16066551388101974,1456
1197,48.926499694999954,58.276884133333326,0.1604475698621835,1457
1198,48.926499694999954,58.276884133333326,0.1604475698621835,1458
1199,48.928339210000004,58.276884133333326,0.1604160047737714,1459
1200,48.928339210000004,58.276884133333326,0.1604160047737714,1461
1201,48.940473743333314,58.276884133333326,0.160207782705729,1462
1202,48.940473743333314,58.276884133333326,0.160207782705729,1462
1203,48.94649651666664,58.276884133333326,0.1601044351533865,1462
1204,48.94649651666664,58.276884133333326,0.1601044351533865,1463
1205,48.95056438333332,58.276884133333326,0.16003463274841623,1464
1206,48.95056438333332,58.276884133333326,0.16003463274841623,1465
1207,48.95286993000002,58.276884133333326,0.1599950708071597,1472
1208,48.95286993000002,58.276884133333326,0.1599950708071597,1473
1209,48.97554521000001,58.276884133333326,0.15960597519339784,1473
1210,48.97554521000001,58.276884133333326,0.15960597519339784,1474
1211,48.98527167666664,58.276884133333326,0.1594390742546932,1475
1212,48.98527167666664,58.276884133333326,0.1594390742546932,1476
1213,48.991523610000016,58.276884133333326,0.15933179443995446,1477
1214,48.991523610000016,58.276884133333326,0.15933179443995446,1477
1215,48.99522052166672,58.276884133333326,0.15926835742334525,1478
1216,48.99522052166672,58.276884133333326,0.15926835742334525,1479
1217,49.00917323499996,58.276884133333326,0.15902893636402224,1479
1218,49.00917323499996,58.276884133333326,0.15902893636402224,1479
1219,49.02198774333334,58.276884133333326,0.15880904629055745,1480
1220,49.02198774333334,58.276884133333326,0.15880904629055745,1485
1221,49.02731867666664,58.276884133333326,0.15871757034065764,1486
1222,49.02731867666664,58.276884133333326,0.15871757034065764,1487
1223,49.046189956666666,58.276884133333326,0.15839374932172925,1488
1224,49.046189956666666,58.276884133333326,0.15839374932172925,1489
1225,49.04726535000005,58.276884133333326,0.15837529615029808,1490
1226,49.04726535000005,58.276884133333326,0.15837529615029808,1491
1227,49.05743800999999,58.276884133333326,0.15820073877388338,1492
1228,49.05743800999999,58.276884133333326,0.15820073877388338,1494
1229,49.075421623333355,58.276884133333326,0.15789214963771372,1495
1230,49.075421623333355,58.276884133333326,0.15789214963771372,1495
1231,49.104414841111165,58.276884133333326,0.15739464160843278,1496
1232,49.104414841111165,58.276884133333326,0.15739464160843278,1496
1233,49.10746885500002,58.276884133333326,0.15734223637204658,1501
1234,49.10746885500002,58.276884133333326,0.15734223637204658,1501
1235,49.125194313333324,58.276884133333326,0.1570380770368847,1502
1236,49.125194313333324,58.276884133333326,0.1570380770368847,1502
1237,49.13839206999999,58.276884133333326,0.15681161062806867,1502
1238,49.13839206999999,58.276884133333326,0.15681161062806867,1503
1239,49.15275840999999,58.276884133333326,0.15656509195752455,1503
1240,49.15275840999999,58.276884133333326,0.15656509195752455,1506
1241,49.153515330000005,58.276884133333326,0.15655210361727145,1507
1242,49.153515330000005,58.276884133333326,0.15655210361727145,1508
1243,49.16606735777777,58.276884133333326,0.15633671756902207,1509
1244,49.16606735777777,58.276884133333326,0.15633671756902207,1510
1245,49.17253898666668,58.276884133333326,0.1562256678966665,1511
1246,49.17253898666668,58.276884133333326,0.1562256678966665,1512
1247,49.18814070333337,58.276884133333326,0.15595795082670458,1513
1248,49.18814070333337,58.276884133333326,0.15595795082670458,1513
1249,49.190349649999945,58.276884133333326,0.1559200464895145,1513
1250,49.190349649999945,58.276884133333326,0.1559200464895145,1516
1251,49.204591010000016,58.276884133333326,0.1556756724085755,1516
1252,49.204591010000016,58.276884133333326,0.1556756724085755,1517
1253,49.20542061666664,58.276884133333326,0.15566143680420225,1518
1254,49.20542061666664,58.276884133333326,0.15566143680420225,1519
1255,49.223839311666666,58.276884133333326,0.15534538190054814,1519
1256,49.223839311666666,58.276884133333326,0.15534538190054814,1520
1257,49.23539933333332,58.276884133333326,0.15514701814382764,1520
1258,49.23539933333332,58.276884133333326,0.15514701814382764,1521
1259,49.25183690833333,58.276884133333326,0.15486495819425306,1522
1260,49.25183690833333,58.276884133333326,0.15486495819425306,1523
1261,49.265532156666694,58.276884133333326,0.15462995509590569,1523
1262,49.265532156666694,58.276884133333326,0.15462995509590569,1524
1263,49.30110842333334,58.276884133333326,0.1540194854869738,1524
1264,49.30110842333334,58.276884133333326,0.1540194854869738,1524
1265,49.30154006455699,58.276884133333326,0.15401207875564168,1525
1266,49.30154006455699,58.276884133333326,0.15401207875564168,1526
1267,49.30206659500001,58.276884133333326,0.154003043776321,1527
1268,49.30206659500001,58.276884133333326,0.154003043776321,1527
1269,49.32084081000003,58.276884133333326,0.1536808883406071,1528
1270,49.32084081000003,58.276884133333326,0.1536808883406071,1532
1271,49.32507552562801,58.276884133333326,0.1536082228971649,1533
1272,49.32507552562801,58.276884133333326,0.1536082228971649,1534
1273,49.32545636555559,58.276884133333326,0.15360168788876072,1535
1274,49.32545636555559,58.276884133333326,0.15360168788876072,1536
1275,49.34396263666671,58.276884133333326,0.1532841302261242,1537
1276,49.34396263666671,58.276884133333326,0.1532841302261242,1538
1277,49.34632987333329,58.276884133333326,0.1532435097176364,1538
1278,49.34632987333329,58.276884133333326,0.1532435097176364,1538
1279,49.36027596666665,58.276884133333326,0.1530042022539523,1538
1280,49.36027596666665,58.276884133333326,0.1530042022539523,1538
1281,49.365689996666674,58.276884133333326,0.15291130040992718,1538
1282,49.365689996666674,58.276884133333326,0.15291130040992718,1539
1283,49.38486197203854,58.276884133333326,0.15258231962008253,1540
1284,49.38486197203854,58.276884133333326,0.15258231962008253,1541
1285,49.39457514333335,58.276884133333326,0.15241564682281042,1542
1286,49.39457514333335,58.276884133333326,0.15241564682281042,1543
1287,49.394871523333315,58.276884133333326,0.15241056110135545,1544
1288,49.394871523333315,58.276884133333326,0.15241056110135545,1544
1289,49.411906113333316,58.276884133333326,0.15211825669535756,1545
1290,49.411906113333316,58.276884133333326,0.15211825669535756,1545
1291,49.427064226666644,58.276884133333326,0.15185815162009914,1548
1292,49.427064226666644,58.276884133333326,0.15185815162009914,1548
1293,49.442152793333335,58.276884133333326,0.15159923992824942,1548
1294,49.442152793333335,58.276884133333326,0.15159923992824942,1548
1295,49.44808700999995,58.276884133333326,0.15149741196069647,1548
1296,49.44808700999995,58.276884133333326,0.15149741196069647,1548
1297,49.469706363333316,58.276884133333326,0.1511264354808301,1549
1298,49.469706363333316,58.276884133333326,0.1511264354808301,1549
1299,49.482308212378285,58.276884133333326,0.15091019452642118,1550
1300,49.482308212378285,58.276884133333326,0.15091019452642118,1554
1301,49.48609045000001,58.276884133333326,0.15084529336229796,1554
1302,49.48609045000001,58.276884133333326,0.15084529336229796,1555
1303,49.49494968999997,58.276884133333326,0.15069327356694157,1556
1304,49.49494968999997,58.276884133333326,0.15069327356694157,1557
1305,49.50190691666668,58.276884133333326,0.15057389129779367,1558
1306,49.50190691666668,58.276884133333326,0.15057389129779367,1558
1307,49.50683782333333,58.276884133333326,0.15048927959042493,1559
1308,49.50683782333333,58.276884133333326,0.15048927959042493,1560
1309,49.511432366782614,58.276884133333326,0.15041043969502535,1561
1310,49.511432366782614,58.276884133333326,0.15041043969502535,1562
1311,49.51471096333334,58.276884133333326,0.1503541807409051,1563
1312,49.51471096333334,58.276884133333326,0.1503541807409051,1564
1313,49.519015920000015,58.276884133333326,0.150280309999003,1565
1314,49.519015920000015,58.276884133333326,0.150280309999003,1565
1315,49.57859234333334,58.276884133333326,0.14925801060500965,1566
1316,49.57859234333334,58.276884133333326,0.14925801060500965,1567
1317,49.58882923333334,58.276884133333326,0.1490823510763262,1568
1318,49.58882923333334,58.276884133333326,0.1490823510763262,1568
1319,49.590457426666624,58.276884133333326,0.1490544121541018,1568
1320,49.590457426666624,58.276884133333326,0.1490544121541018,1569
1321,49.59498479999997,58.276884133333326,0.14897672486177868,1570
1322,49.59498479999997,58.276884133333326,0.14897672486177868,1571
1323,49.60818641666669,58.276884133333326,0.148750192217437,1572
1324,49.60818641666669,58.276884133333326,0.148750192217437,1573
1325,49.62578719999998,58.276884133333326,0.14844817223824563,1574
1326,49.62578719999998,58.276884133333326,0.14844817223824563,1575
1327,49.629443256666676,58.276884133333326,0.14838543627147133,1576
1328,49.629443256666676,58.276884133333326,0.14838543627147133,1576
1329,49.640718636666634,58.276884133333326,0.1481919568127178,1577
1330,49.640718636666634,58.276884133333326,0.1481919568127178,1578
1331,49.644906011666684,58.276884133333326,0.14812010370899883,1579
1332,49.644906011666684,58.276884133333326,0.14812010370899883,1579
1333,49.66940254333335,58.276884133333326,0.14769975639580657,1579
1334,49.66940254333335,58.276884133333326,0.14769975639580657,1581
1335,49.67826622333334,58.276884133333326,0.14754766041243672,1582
1336,49.67826622333334,58.276884133333326,0.14754766041243672,1583
1337,49.69442054333332,58.276884133333326,0.14727046096637464,1584
1338,49.69442054333332,58.276884133333326,0.14727046096637464,1585
1339,49.698740543333315,58.276884133333326,0.1471963320889606,1586
1340,49.698740543333315,58.276884133333326,0.1471963320889606,1587
1341,49.70265714333337,58.276884133333326,0.1471291253386633,1588
1342,49.70265714333337,58.276884133333326,0.1471291253386633,1589
1343,49.703483530000035,58.276884133333326,0.14711494498775818,1590
1344,49.703483530000035,58.276884133333326,0.14711494498775818,1591
1345,49.70762077,58.276884133333326,0.14704395217368638,1592
1346,49.70762077,58.276884133333326,0.14704395217368638,1592
1347,49.709662338333324,58.276884133333326,0.14700891995870632,1592
1348,49.709662338333324,58.276884133333326,0.14700891995870632,1592
1349,49.716552939999985,58.276884133333326,0.14689068093873922,1593
1350,49.716552939999985,58.276884133333326,0.14689068093873922,1593
1351,49.73355055166664,58.276884133333326,0.14659901106106074,1593
1352,49.73355055166664,58.276884133333326,0.14659901106106074,1594
1353,49.73807794333331,58.276884133333326,0.14652132345414765,1594
1354,49.73807794333331,58.276884133333326,0.14652132345414765,1600
1355,49.75907213000001,58.276884133333326,0.1461610744981694,1601
1356,49.75907213000001,58.276884133333326,0.1461610744981694,1601
1357,49.75975244833332,58.276884133333326,0.14614940060133305,1601
1358,49.75975244833332,58.276884133333326,0.14614940060133305,1601
1359,49.77120614000002,58.276884133333326,0.14595286141024505,1602
1360,49.77120614000002,58.276884133333326,0.14595286141024505,1602
1361,49.7766197366667,58.276884133333326,0.14585996700198706,1602
1362,49.7766197366667,58.276884133333326,0.14585996700198706,1602
1363,49.77971390999995,58.276884133333326,0.14580687265112632,1603
1364,49.77971390999995,58.276884133333326,0.14580687265112632,1604
1365,49.79082387666668,58.276884133333326,0.14561623159623893,1604
1366,49.79082387666668,58.276884133333326,0.14561623159623893,1605
1367,49.79784653000003,58.276884133333326,0.14549572664066712,1606
1368,49.79784653000003,58.276884133333326,0.14549572664066712,1607
1369,49.79813691595709,58.276884133333326,0.14549074377376583,1608
1370,49.79813691595709,58.276884133333326,0.14549074377376583,1609
1371,49.80443859833336,58.276884133333326,0.1453826102921978,1613
1372,49.80443859833336,58.276884133333326,0.1453826102921978,1613
1373,49.81172477666668,58.276884133333326,0.14525758338930697,1617
1374,49.81172477666668,58.276884133333326,0.14525758338930697,1617
1375,49.8130133833333,58.276884133333326,0.1452354715917086,1617
1376,49.8130133833333,58.276884133333326,0.1452354715917086,1618
1377,49.85836493129791,58.276884133333326,0.14445726341124288,1618
1378,49.85836493129791,58.276884133333326,0.14445726341124288,1620
1379,49.86517298833327,58.276884133333326,0.14434044081277,1621
1380,49.86517298833327,58.276884133333326,0.14434044081277,1624
1381,49.86653538666662,58.276884133333326,0.1443170627898436,1625
1382,49.86653538666662,58.276884133333326,0.1443170627898436,1626
1383,49.86994009,58.276884133333326,0.14425863991113255,1626
1384,49.86994009,58.276884133333326,0.14425863991113255,1626
1385,49.873579676666665,58.276884133333326,0.14419618656070396,1627
1386,49.873579676666665,58.276884133333326,0.14419618656070396,1627
1387,49.88363609000002,58.276884133333326,0.14402362391458953,1627
1388,49.88363609000002,58.276884133333326,0.14402362391458953,1628
1389,49.89662533333333,58.276884133333326,0.14380073548246955,1629
1390,49.89662533333333,58.276884133333326,0.14380073548246955,1630
1391,49.89738529333333,58.276884133333326,0.14378769497745117,1631
1392,49.89738529333333,58.276884133333326,0.14378769497745117,1632
1393,49.902092343333365,58.276884133333326,0.14370692453012826,1633
1394,49.902092343333365,58.276884133333326,0.14370692453012826,1634
1395,49.91042234333336,58.276884133333326,0.14356398620863298,1635
1396,49.91042234333336,58.276884133333326,0.14356398620863298,1636
1397,49.91251971,58.276884133333326,0.14352799652425244,1637
1398,49.91251971,58.276884133333326,0.14352799652425244,1638
1399,49.92284917999999,58.276884133333326,0.1433507483725434,1638
1400,49.92284917999999,58.276884133333326,0.1433507483725434,1638
1401,49.93580271166665,58.276884133333326,0.14312847273342338,1639
1402,49.93580271166665,58.276884133333326,0.14312847273342338,1639
1403,49.94314874333337,58.276884133333326,0.14300241877951075,1640
1404,49.94314874333337,58.276884133333326,0.14300241877951075,1641
1405,49.95096014333331,58.276884133333326,0.1428683793551985,1641
1406,49.95096014333331,58.276884133333326,0.1428683793551985,1641
1407,49.95105271499998,58.276884133333326,0.14286679087516826,1642
1408,49.95105271499998,58.276884133333326,0.14286679087516826,1642
1409,49.96764976000003,58.276884133333326,0.14258199450612982,1643
1410,49.96764976000003,58.276884133333326,0.14258199450612982,1643
1411,49.97401248516152,58.276884133333326,0.1424728135631862,1644
1412,49.97401248516152,58.276884133333326,0.1424728135631862,1644
1413,49.97601252666669,58.276884133333326,0.142438493926251,1644
1414,49.97601252666669,58.276884133333326,0.142438493926251,1644
1415,49.98477447333329,58.276884133333326,0.14228814363218675,1644
1416,49.98477447333329,58.276884133333326,0.14228814363218675,1645
1417,50.00076192000003,58.276884133333326,0.14201380764280605,1646
1418,50.00076192000003,58.276884133333326,0.14201380764280605,1647
1419,50.005100876666674,58.276884133333326,0.14193935347918404,1648
1420,50.005100876666674,58.276884133333326,0.14193935347918404,1648
1421,50.00525287666666,58.276884133333326,0.1419367452409049,1648
1422,50.00525287666666,58.276884133333326,0.1419367452409049,1649
1423,50.0537331233333,58.276884133333326,0.1411048502728122,1650
1424,50.0537331233333,58.276884133333326,0.1411048502728122,1650
1425,50.05808316333332,58.276884133333326,0.14103020592514826,1650
1426,50.05808316333332,58.276884133333326,0.14103020592514826,1650
1427,50.07911081333333,58.276884133333326,0.1406693827563615,1650
1428,50.07911081333333,58.276884133333326,0.1406693827563615,1650
1429,50.08301948999998,58.276884133333326,0.1406023119662056,1651
1430,50.08301948999998,58.276884133333326,0.1406023119662056,1652
1431,50.083869413333346,58.276884133333326,0.14058772773875403,1652
1432,50.083869413333346,58.276884133333326,0.14058772773875403,1653
1433,50.08392106333333,58.276884133333326,0.1405868414525232,1653
1434,50.08392106333333,58.276884133333326,0.1405868414525232,1658
1435,50.108318448333364,58.276884133333326,0.1401681954428255,1659
1436,50.108318448333364,58.276884133333326,0.1401681954428255,1660
1437,50.112848626666676,58.276884133333326,0.14009046001821104,1660
1438,50.112848626666676,58.276884133333326,0.14009046001821104,1660
1439,50.11683010999997,58.276884133333326,0.14002213990479898,1661
1440,50.11683010999997,58.276884133333326,0.14002213990479898,1661
1441,50.11993020999998,58.276884133333326,0.13996894385552291,1662
1442,50.11993020999998,58.276884133333326,0.13996894385552291,1663
1443,50.122449136666674,58.276884133333326,0.1399257204281871,1664
1444,50.122449136666674,58.276884133333326,0.1399257204281871,1665
1445,50.122907916666634,58.276884133333326,0.13991784801004425,1665
1446,50.122907916666634,58.276884133333326,0.13991784801004425,1665
1447,50.12854421666668,58.276884133333326,0.139821132132319,1666
1448,50.12854421666668,58.276884133333326,0.139821132132319,1667
1449,50.13033862333331,58.276884133333326,0.1397903410786566,1667
1450,50.13033862333331,58.276884133333326,0.1397903410786566,1668
1451,50.13640357333334,58.276884133333326,0.13968626979738916,1668
1452,50.13640357333334,58.276884133333326,0.13968626979738916,1668
1453,50.16066990333332,58.276884133333326,0.13926987262103252,1669
1454,50.16066990333332,58.276884133333326,0.13926987262103252,1670
1455,50.16133487666662,58.276884133333326,0.13925846203614645,1671
1456,50.16133487666662,58.276884133333326,0.13925846203614645,1671
1457,50.18513782999995,58.276884133333326,0.13885001615426176,1672
1458,50.18513782999995,58.276884133333326,0.13885001615426176,1672
1459,50.18516202999999,58.276884133333326,0.13884960089527196,1673
1460,50.18516202999999,58.276884133333326,0.13884960089527196,1673
1461,50.19131474333329,58.276884133333326,0.1387440236423903,1673
1462,50.19131474333329,58.276884133333326,0.1387440236423903,1674
1463,50.2339282777778,58.276884133333326,0.13801279830187593,1675
1464,50.2339282777778,58.276884133333326,0.13801279830187593,1676
1465,50.24089618500001,58.276884133333326,0.13789323276013782,1677
1466,50.24089618500001,58.276884133333326,0.13789323276013782,1677
1467,50.264758243333354,58.276884133333326,0.13748377266822986,1678
1468,50.264758243333354,58.276884133333326,0.13748377266822986,1679
1469,50.26562198166664,58.276884133333326,0.13746895138280715,1679
1470,50.26562198166664,58.276884133333326,0.13746895138280715,1679
1471,50.27332669666668,58.276884133333326,0.13733674261573564,1680
1472,50.27332669666668,58.276884133333326,0.13733674261573564,1680
1473,50.27454358,58.276884133333326,0.13731586155197567,1681
1474,50.27454358,58.276884133333326,0.13731586155197567,1682
1475,50.27463076832673,58.276884133333326,0.13731436544716452,1688
1476,50.27463076832673,58.276884133333326,0.13731436544716452,1689
1477,50.28148222000004,58.276884133333326,0.13719679822003483,1690
1478,50.28148222000004,58.276884133333326,0.13719679822003483,1690
1479,50.28890178166665,58.276884133333326,0.13706948253085638,1690
1480,50.28890178166665,58.276884133333326,0.13706948253085638,1695
1481,50.30412871166668,58.276884133333326,0.1368081965985957,1696
1482,50.30412871166668,58.276884133333326,0.1368081965985957,1696
1483,50.30437417000004,58.276884133333326,0.13680398466556237,1697
1484,50.30437417000004,58.276884133333326,0.13680398466556237,1697
1485,50.311597756666686,58.276884133333326,0.1366800318020201,1698
1486,50.311597756666686,58.276884133333326,0.1366800318020201,1698
1487,50.31427526166666,58.276884133333326,0.1366340872557426,1699
1488,50.31427526166666,58.276884133333326,0.1366340872557426,1700
1489,50.314974343333326,58.276884133333326,0.1366220913901938,1701
1490,50.314974343333326,58.276884133333326,0.1366220913901938,1701
1491,50.32085847666663,58.276884133333326,0.1365211228257139,1706
1492,50.32085847666663,58.276884133333326,0.1365211228257139,1708
1493,50.3217505966667,58.276884133333326,0.1365058145261481,1709
1494,50.3217505966667,58.276884133333326,0.1365058145261481,1710
1495,50.32291684000007,58.276884133333326,0.1364858024175615,1711
1496,50.32291684000007,58.276884133333326,0.1364858024175615,1712
1497,50.325122210000075,58.276884133333326,0.13644795945404684,1713
1498,50.325122210000075,58.276884133333326,0.13644795945404684,1714
1499,50.33442470193296,58.276884133333326,0.13628833369382942,1715
1500,50.33442470193296,58.276884133333326,0.13628833369382942,1716
1501,50.33447877666669,58.276884133333326,0.13628740580047108,1717
1502,50.33447877666669,58.276884133333326,0.13628740580047108,1718
1503,50.34025482999999,58.276884133333326,0.1361882918306836,1719
1504,50.34025482999999,58.276884133333326,0.1361882918306836,1719
1505,50.34305354333337,58.276884133333326,0.1361402674145708,1719
1506,50.34305354333337,58.276884133333326,0.1361402674145708,1721
1507,50.36164942333333,58.276884133333326,0.13582117211157865,1722
1508,50.36164942333333,58.276884133333326,0.13582117211157865,1722
1509,50.37722960999996,58.276884133333326,0.1355538244848425,1724
1510,50.37722960999996,58.276884133333326,0.1355538244848425,1730
1511,50.38867465666668,58.276884133333326,0.13535743363730615,1733
1512,50.38867465666668,58.276884133333326,0.13535743363730615,1733
1513,50.39474923666671,58.276884133333326,0.1352531971104161,1733
1514,50.39474923666671,58.276884133333326,0.1352531971104161,1733
1515,50.39535601000005,58.276884133333326,0.13524278520623897,1734
1516,50.39535601000005,58.276884133333326,0.13524278520623897,1735
1517,50.407241379999995,58.276884133333326,0.13503883864703806,1735
1518,50.407241379999995,58.276884133333326,0.13503883864703806,1735
1519,50.41174957999999,58.276884133333326,0.13496148035880695,1735
1520,50.41174957999999,58.276884133333326,0.13496148035880695,1736
1521,50.411801211111154,58.276884133333326,0.13496059439669814,1737
1522,50.411801211111154,58.276884133333326,0.13496059439669814,1738
1523,50.430412455000024,58.276884133333326,0.13464123545763254,1739
1524,50.430412455000024,58.276884133333326,0.13464123545763254,1740
1525,50.43334257249998,58.276884133333326,0.13459095621666878,1740
1526,50.43334257249998,58.276884133333326,0.13459095621666878,1741
1527,50.45617368999995,58.276884133333326,0.13419918651519103,1742
1528,50.45617368999995,58.276884133333326,0.13419918651519103,1743
1529,50.46555953666664,58.276884133333326,0.13403813043255602,1743
1530,50.46555953666664,58.276884133333326,0.13403813043255602,1743
1531,50.467389145,58.276884133333326,0.13400673533721816,1744
1532,50.467389145,58.276884133333326,0.13400673533721816,1744
1533,50.474892810000014,58.276884133333326,0.13387797648005537,1745
1534,50.474892810000014,58.276884133333326,0.13387797648005537,1746
1535,50.48158998333335,58.276884133333326,0.13376305658629417,1747
1536,50.48158998333335,58.276884133333326,0.13376305658629417,1747
1537,50.48285299833334,58.276884133333326,0.13374138392793616,1748
1538,50.48285299833334,58.276884133333326,0.13374138392793616,1748
1539,50.483310843333385,58.276884133333326,0.1337335275538892,1749
1540,50.483310843333385,58.276884133333326,0.1337335275538892,1750
1541,50.486832719999995,58.276884133333326,0.13367309404377647,1751
1542,50.486832719999995,58.276884133333326,0.13367309404377647,1759
1543,50.50490267333331,58.276884133333326,0.13336302335962708,1760
1544,50.50490267333331,58.276884133333326,0.13336302335962708,1760
1545,50.51251780999997,58.276884133333326,0.13323235170859588,1760
1546,50.51251780999997,58.276884133333326,0.13323235170859588,1761
1547,50.52296614848824,58.276884133333326,0.133053063837536,1762
1548,50.52296614848824,58.276884133333326,0.133053063837536,1763
1549,50.53228741000002,58.276884133333326,0.13289311600143586,1764
1550,50.53228741000002,58.276884133333326,0.13289311600143586,1764
1551,50.546750796666686,58.276884133333326,0.1326449320622676,1764
1552,50.546750796666686,58.276884133333326,0.1326449320622676,1765
1553,50.553074020000025,58.276884133333326,0.13253642894945752,1769
1554,50.553074020000025,58.276884133333326,0.13253642894945752,1769
1555,50.560153316666685,58.276884133333326,0.1324149520247396,1770
1556,50.560153316666685,58.276884133333326,0.1324149520247396,1771
1557,50.580257676666704,58.276884133333326,0.13206997201595908,1772
1558,50.580257676666704,58.276884133333326,0.13206997201595908,1773
1559,50.583219540000016,58.276884133333326,0.13201914803356263,1773
1560,50.583219540000016,58.276884133333326,0.13201914803356263,1774
1561,50.606473094999956,58.276884133333326,0.13162012953170282,1775
1562,50.606473094999956,58.276884133333326,0.13162012953170282,1775
1563,50.619263943333394,58.276884133333326,0.13140064545111654,1776
1564,50.619263943333394,58.276884133333326,0.13140064545111654,1777
1565,50.641433078185884,58.276884133333326,0.1310202350159641,1781
1566,50.641433078185884,58.276884133333326,0.1310202350159641,1782
1567,50.64947521000003,58.276884133333326,0.13088223635776983,1782
1568,50.64947521000003,58.276884133333326,0.13088223635776983,1783
1569,50.66045761111114,58.276884133333326,0.130693784259233,1784
1570,50.66045761111114,58.276884133333326,0.130693784259233,1785
1571,50.66710036666667,58.276884133333326,0.13057979814528198,1786
1572,50.66710036666667,58.276884133333326,0.13057979814528198,1786
1573,50.67263461,58.276884133333326,0.13048483350508833,1786
1574,50.67263461,58.276884133333326,0.13048483350508833,1787
1575,50.68758827666665,58.276884133333326,0.13022823662471228,1787
1576,50.68758827666665,58.276884133333326,0.13022823662471228,1788
1577,50.69659839166671,58.276884133333326,0.13007362789546992,1789
1578,50.69659839166671,58.276884133333326,0.13007362789546992,1790
1579,50.70085353121915,58.276884133333326,0.13000061198846458,1793
1580,50.70085353121915,58.276884133333326,0.13000061198846458,1793
1581,50.71753114000002,58.276884133333326,0.12971443318826123,1793
1582,50.71753114000002,58.276884133333326,0.12971443318826123,1794
1583,50.72903274333328,58.276884133333326,0.129517071858734,1795
1584,50.72903274333328,58.276884133333326,0.129517071858734,1796
1585,50.72932787333333,58.276884133333326,0.12951200758660547,1797
1586,50.72932787333333,58.276884133333326,0.12951200758660547,1798
1587,50.731880803333326,58.276884133333326,0.12946820068035164,1799
1588,50.731880803333326,58.276884133333326,0.12946820068035164,1799
1589,50.735432368333306,58.276884133333326,0.1294072577343998,1800
1590,50.735432368333306,58.276884133333326,0.1294072577343998,1800
1591,50.74891896000001,58.276884133333326,0.12917583507227104,1801
1592,50.74891896000001,58.276884133333326,0.12917583507227104,1802
1593,50.751338923333364,58.276884133333326,0.12913430980252916,1803
1594,50.751338923333364,58.276884133333326,0.12913430980252916,1803
1595,50.75339888179485,58.276884133333326,0.12909896202283705,1806
1596,50.75339888179485,58.276884133333326,0.12909896202283705,1807
1597,50.75823569666668,58.276884133333326,0.12901596488008035,1808
1598,50.75823569666668,58.276884133333326,0.12901596488008035,1808
1599,50.76105944999996,58.276884133333326,0.12896751079103158,1808
1600,50.76105944999996,58.276884133333326,0.12896751079103158,1814
1601,50.803829930000006,58.276884133333326,0.12823359234916384,1815
1602,50.803829930000006,58.276884133333326,0.12823359234916384,1815
1603,50.80401655,58.276884133333326,0.1282303900502975,1815
1604,50.80401655,58.276884133333326,0.1282303900502975,1816
1605,50.80416527666662,58.276884133333326,0.12822783798065898,1817
1606,50.80416527666662,58.276884133333326,0.12822783798065898,1818
1607,50.813213783333325,58.276884133333326,0.12807257047105777,1819
1608,50.813213783333325,58.276884133333326,0.12807257047105777,1820
1609,50.81386433166664,58.276884133333326,0.12806140741141597,1821
1610,50.81386433166664,58.276884133333326,0.12806140741141597,1821
1611,50.82164200000001,58.276884133333326,0.1279279468043668,1822
1612,50.82164200000001,58.276884133333326,0.1279279468043668,1823
1613,50.83936107666663,58.276884133333326,0.12762389697517423,1824
1614,50.83936107666663,58.276884133333326,0.12762389697517423,1825
1615,50.85088492000001,58.276884133333326,0.12742615401920185,1826
1616,50.85088492000001,58.276884133333326,0.12742615401920185,1826
1617,50.851283276666706,58.276884133333326,0.12741931843297213,1827
1618,50.851283276666706,58.276884133333326,0.12741931843297213,1828
1619,50.85510853000002,58.276884133333326,0.12735367914236492,1829
1620,50.85510853000002,58.276884133333326,0.12735367914236492,1829
1621,50.86155600000002,58.276884133333326,0.12724304402355427,1829
1622,50.86155600000002,58.276884133333326,0.12724304402355427,1829
1623,50.8704456433333,58.276884133333326,0.12709050252334406,1830
1624,50.8704456433333,58.276884133333326,0.12709050252334406,1830
1625,50.877212077777784,58.276884133333326,0.12697439414615275,1831
1626,50.877212077777784,58.276884133333326,0.12697439414615275,1835
1627,50.88205381666664,58.276884133333326,0.1268913125099112,1836
1628,50.88205381666664,58.276884133333326,0.1268913125099112,1837
1629,50.893323623333316,58.276884133333326,0.1266979286865604,1837
1630,50.893323623333316,58.276884133333326,0.1266979286865604,1838
1631,50.90031483666668,58.276884133333326,0.1265779632244851,1838
1632,50.90031483666668,58.276884133333326,0.1265779632244851,1839
1633,50.90344494,58.276884133333326,0.12652425233414036,1840
1634,50.90344494,58.276884133333326,0.12652425233414036,1840
1635,50.909609070000016,58.276884133333326,0.12641847917739585,1840
1636,50.909609070000016,58.276884133333326,0.12641847917739585,1840
1637,50.914914130000014,58.276884133333326,0.12632744719998504,1840
1638,50.914914130000014,58.276884133333326,0.12632744719998504,1840
1639,50.91739194333334,58.276884133333326,0.1262849292553458,1841
1640,50.91739194333334,58.276884133333326,0.1262849292553458,1842
1641,50.93054174222226,58.276884133333326,0.1260592857762121,1843
1642,50.93054174222226,58.276884133333326,0.1260592857762121,1844
1643,50.9403083483333,58.276884133333326,0.1258916960662218,1845
1644,50.9403083483333,58.276884133333326,0.1258916960662218,1845
1645,50.94052507666663,58.276884133333326,0.12588797712454275,1845
1646,50.94052507666663,58.276884133333326,0.12588797712454275,1847
1647,50.96088907666668,58.276884133333326,0.1255385418329534,1848
1648,50.96088907666668,58.276884133333326,0.1255385418329534,1848
1649,50.963338939153694,58.276884133333326,0.1254965035098096,1848
1650,50.963338939153694,58.276884133333326,0.1254965035098096,1849
1651,50.96510571000004,58.276884133333326,0.1254661866719652,1849
1652,50.96510571000004,58.276884133333326,0.1254661866719652,1850
1653,50.970390316666666,58.276884133333326,0.1253755056627586,1851
1654,50.970390316666666,58.276884133333326,0.1253755056627586,1852
1655,50.97899142666668,58.276884133333326,0.12522791523942134,1852
1656,50.97899142666668,58.276884133333326,0.12522791523942134,1852
1657,50.980227142930005,58.276884133333326,0.12520671101270778,1852
1658,50.980227142930005,58.276884133333326,0.12520671101270778,1852
1659,50.99973341000001,58.276884133333326,0.1248719939570502,1852
1660,50.99973341000001,58.276884133333326,0.1248719939570502,1853
1661,50.99991969666669,58.276884133333326,0.1248687973780044,1853
1662,50.99991969666669,58.276884133333326,0.1248687973780044,1853
1663,51.00566267666668,58.276884133333326,0.12477025092883505,1853
1664,51.00566267666668,58.276884133333326,0.12477025092883505,1855
1665,51.030489636666665,58.276884133333326,0.12434423364309304,1856
1666,51.030489636666665,58.276884133333326,0.12434423364309304,1857
1667,51.04400267333333,58.276884133333326,0.12411235719898273,1858
1668,51.04400267333333,58.276884133333326,0.12411235719898273,1858
1669,51.05783849000002,58.276884133333326,0.12387494202360999,1858
1670,51.05783849000002,58.276884133333326,0.12387494202360999,1858
1671,51.058227818333336,58.276884133333326,0.12386826135872711,1858
1672,51.058227818333336,58.276884133333326,0.12386826135872711,1858
1673,51.06254649666667,58.276884133333326,0.12379415516040236,1859
1674,51.06254649666667,58.276884133333326,0.12379415516040236,1859
1675,51.06547213000001,58.276884133333326,0.12374395286532688,1859
1676,51.06547213000001,58.276884133333326,0.12374395286532688,1860
1677,51.068561743333376,58.276884133333326,0.12369093676161247,1860
1678,51.068561743333376,58.276884133333326,0.12369093676161247,1861
1679,51.0782602766667,58.276884133333326,0.12352451514388954,1862
1680,51.0782602766667,58.276884133333326,0.12352451514388954,1863
1681,51.09311012666663,58.276884133333326,0.1232696997016988,1864
1682,51.09311012666663,58.276884133333326,0.1232696997016988,1864
1683,51.097951913333326,58.276884133333326,0.12318661724561523,1864
1684,51.097951913333326,58.276884133333326,0.12318661724561523,1864
1685,51.111254918333316,58.276884133333326,0.12295834483198458,1865
1686,51.111254918333316,58.276884133333326,0.12295834483198458,1865
1687,51.11194996999998,58.276884133333326,0.12294641811906909,1866
1688,51.11194996999998,58.276884133333326,0.12294641811906909,1867
1689,51.11287571972319,58.276884133333326,0.12293053275153484,1867
1690,51.11287571972319,58.276884133333326,0.12293053275153484,1867
1691,51.11472457000001,58.276884133333326,0.12289880747479244,1868
1692,51.11472457000001,58.276884133333326,0.12289880747479244,1868
1693,51.11533732999999,58.276884133333326,0.12288829284263435,1869
1694,51.11533732999999,58.276884133333326,0.12288829284263435,1869
1695,51.115921594999996,58.276884133333326,0.12287826716935589,1870
1696,51.115921594999996,58.276884133333326,0.12287826716935589,1870
1697,51.12144654444444,58.276884133333326,0.12278346200729881,1872
1698,51.12144654444444,58.276884133333326,0.12278346200729881,1873
1699,51.1315490566667,58.276884133333326,0.1226101083290351,1874
1700,51.1315490566667,58.276884133333326,0.1226101083290351,1874
1701,51.13177180333331,58.276884133333326,0.12260628611599264,1874
1702,51.13177180333331,58.276884133333326,0.12260628611599264,1874
1703,51.13952252833333,58.276884133333326,0.122473287842058,1874
1704,51.13952252833333,58.276884133333326,0.122473287842058,1874
1705,51.15032641999997,58.276884133333326,0.12228789886961532,1875
1706,51.15032641999997,58.276884133333326,0.12228789886961532,1875
1707,51.15359795000002,58.276884133333326,0.12223176117370549,1876
1708,51.15359795000002,58.276884133333326,0.12223176117370549,1876
1709,51.158658626666664,58.276884133333326,0.12214492268290585,1876
1710,51.158658626666664,58.276884133333326,0.12214492268290585,1877
1711,51.15886711000001,58.276884133333326,0.1221413452209937,1877
1712,51.15886711000001,58.276884133333326,0.1221413452209937,1877
1713,51.17990661999998,58.276884133333326,0.1217803185409839,1881
1714,51.17990661999998,58.276884133333326,0.1217803185409839,1881
1715,51.18152143281081,58.276884133333326,0.12175260922133095,1881
1716,51.18152143281081,58.276884133333326,0.12175260922133095,1881
1717,51.19459721333331,58.276884133333326,0.12152823585757007,1882
1718,51.19459721333331,58.276884133333326,0.12152823585757007,1882
1719,51.195120413333306,58.276884133333326,0.12151925802686109,1883
1720,51.195120413333306,58.276884133333326,0.12151925802686109,1884
1721,51.20125254666665,58.276884133333326,0.1214140339157141,1884
1722,51.20125254666665,58.276884133333326,0.1214140339157141,1885
1723,51.21512941000002,58.276884133333326,0.12117591440160941,1886
1724,51.21512941000002,58.276884133333326,0.12117591440160941,1887
1725,51.21767787666667,58.276884133333326,0.12113218408375606,1888
1726,51.21767787666667,58.276884133333326,0.12113218408375606,1889
1727,51.22352950333334,58.276884133333326,0.1210317733161989,1890
1728,51.22352950333334,58.276884133333326,0.1210317733161989,1890
1729,51.22724264333335,58.276884133333326,0.12096805783011501,1891
1730,51.22724264333335,58.276884133333326,0.12096805783011501,1892
1731,51.229789988333366,58.276884133333326,0.12092434675945808,1892
1732,51.229789988333366,58.276884133333326,0.12092434675945808,1892
1733,51.239172363333424,58.276884133333326,0.12076335024875597,1893
1734,51.239172363333424,58.276884133333326,0.12076335024875597,1894
1735,51.25188220999998,58.276884133333326,0.12054525611322406,1894
1736,51.25188220999998,58.276884133333326,0.12054525611322406,1895
1737,51.25454960999999,58.276884133333326,0.12049948496331303,1896
1738,51.25454960999999,58.276884133333326,0.12049948496331303,1897
1739,51.25803123535529,58.276884133333326,0.12043974214406186,1897
1740,51.25803123535529,58.276884133333326,0.12043974214406186,1898
1741,51.26560009666669,58.276884133333326,0.12030986455324762,1898
1742,51.26560009666669,58.276884133333326,0.12030986455324762,1898
1743,51.28246123999999,58.276884133333326,0.12002053639879921,1899
1744,51.28246123999999,58.276884133333326,0.12002053639879921,1899
1745,51.30064693000001,58.276884133333326,0.11970847973567328,1900
1746,51.30064693000001,58.276884133333326,0.11970847973567328,1900
1747,51.30590601,58.276884133333326,0.11961823675034217,1901
1748,51.30590601,58.276884133333326,0.11961823675034217,1903
1749,51.31458343666665,58.276884133333326,0.119469336774036,1904
1750,51.31458343666665,58.276884133333326,0.119469336774036,1904
1751,51.320626498484856,58.276884133333326,0.11936564108220082,1905
1752,51.320626498484856,58.276884133333326,0.11936564108220082,1906
1753,51.32227753333334,58.276884133333326,0.11933731021185594,1906
1754,51.32227753333334,58.276884133333326,0.11933731021185594,1910
1755,51.345840053333326,58.276884133333326,0.11893299003670595,1911
1756,51.345840053333326,58.276884133333326,0.11893299003670595,1912
1757,51.35644775943261,58.276884133333326,0.11875096750312271,1913
1758,51.35644775943261,58.276884133333326,0.11875096750312271,1913
1759,51.358469436666674,58.276884133333326,0.11871627660871188,1915
1760,51.358469436666674,58.276884133333326,0.11871627660871188,1915
1761,51.38944864977432,58.276884133333326,0.11818468996731268,1916
1762,51.38944864977432,58.276884133333326,0.11818468996731268,1916
1763,51.422218626666705,58.276884133333326,0.11762237478214584,1918
1764,51.422218626666705,58.276884133333326,0.11762237478214584,1918
1765,51.424328066666654,58.276884133333326,0.11758617792585678,1919
1766,51.424328066666654,58.276884133333326,0.11758617792585678,1919
1767,51.431257119999955,58.276884133333326,0.11746727909596312,1920
1768,51.431257119999955,58.276884133333326,0.11746727909596312,1920
1769,51.438267386666695,58.276884133333326,0.11734698668893084,1921
1770,51.438267386666695,58.276884133333326,0.11734698668893084,1924
1771,51.4393870766667,58.276884133333326,0.117327773410516,1924
1772,51.4393870766667,58.276884133333326,0.117327773410516,1925
1773,51.44006930333332,58.276884133333326,0.11731606676770617,1925
1774,51.44006930333332,58.276884133333326,0.11731606676770617,1926
1775,51.44062435000002,58.276884133333326,0.11730654246531837,1926
1776,51.44062435000002,58.276884133333326,0.11730654246531837,1926
1777,51.44479764999993,58.276884133333326,0.11723493088103468,1927
1778,51.44479764999993,58.276884133333326,0.11723493088103468,1931
1779,51.4555883966667,58.276884133333326,0.11704976746972251,1931
1780,51.4555883966667,58.276884133333326,0.11704976746972251,1932
1781,51.46276019333331,58.276884133333326,0.11692670329473673,1933
1782,51.46276019333331,58.276884133333326,0.11692670329473673,1933
1783,51.47520981333332,58.276884133333326,0.11671307450889552,1933
1784,51.47520981333332,58.276884133333326,0.11671307450889552,1934
1785,51.48529121000004,58.276884133333326,0.11654008316221243,1935
1786,51.48529121000004,58.276884133333326,0.11654008316221243,1935
1787,51.48950643666667,58.276884133333326,0.116467752138869,1939
1788,51.48950643666667,58.276884133333326,0.116467752138869,1940
1789,51.50086942333334,58.276884133333326,0.11627276939681519,1941
1790,51.50086942333334,58.276884133333326,0.11627276939681519,1942
1791,51.50268122666668,58.276884133333326,0.11624167982570507,1942
1792,51.50268122666668,58.276884133333326,0.11624167982570507,1942
1793,51.51082403666666,58.276884133333326,0.11610195358397,1943
1794,51.51082403666666,58.276884133333326,0.11610195358397,1943
1795,51.52103475666664,58.276884133333326,0.11592674311841708,1943
1796,51.52103475666664,58.276884133333326,0.11592674311841708,1944
1797,51.549433194999985,58.276884133333326,0.11543944118462848,1944
1798,51.549433194999985,58.276884133333326,0.11543944118462848,1944
1799,51.54952807666669,58.276884133333326,0.11543781306623958,1945
1800,51.54952807666669,58.276884133333326,0.11543781306623958,1946
1801,51.55091605,58.276884133333326,0.1154139961900639,1947
1802,51.55091605,58.276884133333326,0.1154139961900639,1948
1803,51.554705933333295,58.276884133333326,0.11534896382964074,1948
1804,51.554705933333295,58.276884133333326,0.11534896382964074,1949
1805,51.56424051000003,58.276884133333326,0.11518535562016743,1950
1806,51.56424051000003,58.276884133333326,0.11518535562016743,1950
1807,51.565892798888854,58.276884133333326,0.11515700323116462,1950
1808,51.565892798888854,58.276884133333326,0.11515700323116462,1950
1809,51.591349956666704,58.276884133333326,0.11472017209037119,1951
1810,51.591349956666704,58.276884133333326,0.11472017209037119,1952
1811,51.595175983333306,58.276884133333326,0.11465451952978048,1952
1812,51.595175983333306,58.276884133333326,0.11465451952978048,1952
1813,51.60019901666661,58.276884133333326,0.1145683269783426,1952
1814,51.60019901666661,58.276884133333326,0.1145683269783426,1952
1815,51.616719260000025,58.276884133333326,0.11428484848461222,1953
1816,51.616719260000025,58.276884133333326,0.11428484848461222,1954
1817,51.626569996666625,58.276884133333326,0.11411581513952015,1955
1818,51.626569996666625,58.276884133333326,0.11411581513952015,1956
1819,51.628909119999975,58.276884133333326,0.11407567704071586,1958
1820,51.628909119999975,58.276884133333326,0.11407567704071586,1958
1821,51.640272723333354,58.276884133333326,0.11388068371699286,1959
1822,51.640272723333354,58.276884133333326,0.11388068371699286,1960
1823,51.647309728333354,58.276884133333326,0.11375993249453731,1960
1824,51.647309728333354,58.276884133333326,0.11375993249453731,1960
1825,51.67426260000005,58.276884133333326,0.11329743570756036,1964
1826,51.67426260000005,58.276884133333326,0.11329743570756036,1969
1827,51.681712580000024,58.276884133333326,0.1131695980561353,1970
1828,51.681712580000024,58.276884133333326,0.1131695980561353,1970
1829,51.68221740000001,58.276884133333326,0.1131609356163447,1970
1830,51.68221740000001,58.276884133333326,0.1131609356163447,1970
1831,51.684906318333326,58.276884133333326,0.1131147952234033,1971
1832,51.684906318333326,58.276884133333326,0.1131147952234033,1972
1833,51.686665213333356,58.276884133333326,0.11308461353084737,1972
1834,51.686665213333356,58.276884133333326,0.11308461353084737,1972
1835,51.69086767666672,58.276884133333326,0.11301250151944077,1972
1836,51.69086767666672,58.276884133333326,0.11301250151944077,1973
1837,51.69595465111107,58.276884133333326,0.11292521177291426,1974
1838,51.69595465111107,58.276884133333326,0.11292521177291426,1975
1839,51.70393323666664,58.276884133333326,0.11278830353435237,1976
1840,51.70393323666664,58.276884133333326,0.11278830353435237,1976
1841,51.706705978333346,58.276884133333326,0.1127407247780764,1980
1842,51.706705978333346,58.276884133333326,0.1127407247780764,1980
1843,51.70844067666664,58.276884133333326,0.11271095828731266,1980
1844,51.70844067666664,58.276884133333326,0.11271095828731266,1981
1845,51.71168742015389,58.276884133333326,0.1126552459146363,1982
1846,51.71168742015389,58.276884133333326,0.1126552459146363,1982
1847,51.719309990000035,58.276884133333326,0.11252444671424149,1983
1848,51.719309990000035,58.276884133333326,0.11252444671424149,1983
1849,51.739361143333305,58.276884133333326,0.11218037970325657,1983
1850,51.739361143333305,58.276884133333326,0.11218037970325657,1984
1851,51.76442814333335,58.276884133333326,0.11175024346016761,1985
1852,51.76442814333335,58.276884133333326,0.11175024346016761,1986
1853,51.768194181666686,58.276884133333326,0.11168562026712382,1987
1854,51.768194181666686,58.276884133333326,0.11168562026712382,1987
1855,51.770451624292576,58.276884133333326,0.1116468837653451,1988
1856,51.770451624292576,58.276884133333326,0.1116468837653451,1989
1857,51.77334956666666,58.276884133333326,0.11159715663224283,1989
1858,51.77334956666666,58.276884133333326,0.11159715663224283,1989
1859,51.782507596666676,58.276884133333326,0.11144000976112557,1989
1860,51.782507596666676,58.276884133333326,0.11144000976112557,1990
1861,51.78567307666667,58.276884133333326,0.11138569182620046,1990
1862,51.78567307666667,58.276884133333326,0.11138569182620046,1990
1863,51.79066741499997,58.276884133333326,0.11129999166553507,1990
1864,51.79066741499997,58.276884133333326,0.11129999166553507,1990
1865,51.79407221000002,58.276884133333326,0.11124156721387335,1990
1866,51.79407221000002,58.276884133333326,0.11124156721387335,1990
1867,51.79626518833334,58.276884133333326,0.11120393688469683,1990
1868,51.79626518833334,58.276884133333326,0.11120393688469683,1990
1869,51.817107733333316,58.276884133333326,0.11084629001819152,1993
1870,51.817107733333316,58.276884133333326,0.11084629001819152,1994
1871,51.820392521666605,58.276884133333326,0.11078992481641145,1995
1872,51.820392521666605,58.276884133333326,0.11078992481641145,1995
1873,51.83534341333336,58.276884133333326,0.11053337555354162,1996
1874,51.83534341333336,58.276884133333326,0.11053337555354162,1996
1875,51.84974542333336,58.276884133333326,0.11028624480497505,1997
1876,51.84974542333336,58.276884133333326,0.11028624480497505,1997
1877,51.85377887666669,58.276884133333326,0.11021703291430328,1997
1878,51.85377887666669,58.276884133333326,0.11021703291430328,1998
1879,51.85442596666667,58.276884133333326,0.11020592919780225,1999
1880,51.85442596666667,58.276884133333326,0.11020592919780225,1999
1881,51.85766012999996,58.276884133333326,0.11015043269380438,1999
1882,51.85766012999996,58.276884133333326,0.11015043269380438,1999
1883,51.86118128888891,58.276884133333326,0.11009001150037039,1999
1884,51.86118128888891,58.276884133333326,0.11009001150037039,1999
1885,51.87284077166665,58.276884133333326,0.10988994104445739,2000
1886,51.87284077166665,58.276884133333326,0.10988994104445739,2000
1887,51.881122159999975,58.276884133333326,0.1097478368730268,2000
1888,51.881122159999975,58.276884133333326,0.1097478368730268,2000
1889,51.8853231233333,58.276884133333326,0.10967575060081443,2001
1890,51.8853231233333,58.276884133333326,0.10967575060081443,2002
1891,51.900312029999974,58.276884133333326,0.10941854902098426,2002
1892,51.900312029999974,58.276884133333326,0.10941854902098426,2002
1893,51.903115870846676,58.276884133333326,0.10937043661949951,2003
1894,51.903115870846676,58.276884133333326,0.10937043661949951,2004
1895,51.90590590333334,58.276884133333326,0.10932256116204915,2005
1896,51.90590590333334,58.276884133333326,0.10932256116204915,2005
1897,51.91081916833336,58.276884133333326,0.10923825217619502,2005
1898,51.91081916833336,58.276884133333326,0.10923825217619502,2005
1899,51.927839223333336,58.276884133333326,0.10894619718298305,2005
1900,51.927839223333336,58.276884133333326,0.10894619718298305,2005
1901,51.937404881666666,58.276884133333326,0.10878205562882165,2006
1902,51.937404881666666,58.276884133333326,0.10878205562882165,2006
1903,51.93896595999995,58.276884133333326,0.10875526836391383,2006
1904,51.93896595999995,58.276884133333326,0.10875526836391383,2006
1905,51.93993396333333,58.276884133333326,0.10873865794714603,2007
1906,51.93993396333333,58.276884133333326,0.10873865794714603,2007
1907,51.947391560000035,58.276884133333326,0.1086106895978149,2008
1908,51.947391560000035,58.276884133333326,0.1086106895978149,2008
1909,51.94836789888889,58.276884133333326,0.10859393614739671,2008
1910,51.94836789888889,58.276884133333326,0.10859393614739671,2008
1911,51.95165034666666,58.276884133333326,0.10853761110829097,2009
1912,51.95165034666666,58.276884133333326,0.10853761110829097,2009
1913,51.959799726666695,58.276884133333326,0.10839777212888725,2009
1914,51.959799726666695,58.276884133333326,0.10839777212888725,2009
1915,51.960139136666626,58.276884133333326,0.10839194803576732,2009
1916,51.960139136666626,58.276884133333326,0.10839194803576732,2009
1917,51.960885276666666,58.276884133333326,0.10837914467451808,2010
1918,51.960885276666666,58.276884133333326,0.10837914467451808,2011
1919,51.974603648333286,58.276884133333326,0.10814374479220397,2012
1920,51.974603648333286,58.276884133333326,0.10814374479220397,2012
1921,51.97601023666667,58.276884133333326,0.10811960849263512,2012
1922,51.97601023666667,58.276884133333326,0.10811960849263512,2012
1923,51.977693959999954,58.276884133333326,0.10809071670546554,2012
1924,51.977693959999954,52.88447673333333,0.017146482849887526,2014
1925,51.9836534818979,52.88447673333333,0.017033793413098727,2014
1926,51.9836534818979,52.88447673333333,0.017033793413098727,2014
1927,51.98471007166661,52.88447673333333,0.017013814208727728,2014
1928,51.98471007166661,52.88447673333333,0.017013814208727728,2014
1929,51.99322377381885,52.88447673333333,0.01685282741868789,2014
1930,51.99322377381885,52.88447673333333,0.01685282741868789,2015
1931,51.993893343333305,52.88447673333333,0.01684016643467488,2015
1932,51.993893343333305,52.88447673333333,0.01684016643467488,2015
1933,52.00464574333333,52.88447673333333,0.01663684779252889,2015
1934,52.00464574333333,52.88447673333333,0.01663684779252889,2015
1935,52.009345928333325,52.88447673333333,0.01654797133406079,2015
1936,52.009345928333325,52.88447673333333,0.01654797133406079,2015
1937,52.01056846333338,52.88447673333333,0.016524854247997562,2015
1938,52.01056846333338,52.88447673333333,0.016524854247997562,2015
1939,52.01406510333331,52.88447673333333,0.016458735791015144,2015
1940,52.01406510333331,52.88447673333333,0.016458735791015144,2015
1941,52.01491451666671,52.88447673333333,0.016442674114964504,2015
1942,52.01491451666671,52.88447673333333,0.016442674114964504,2016
1943,52.02353607666669,52.88447673333333,0.01627964782572931,2016
1944,52.02353607666669,52.88447673333333,0.01627964782572931,2016
1945,52.025533275563845,52.88447673333333,0.01624188251120746,2016
1946,52.025533275563845,52.88447673333333,0.01624188251120746,2016
1947,52.0355327333333,52.88447673333333,0.016052801359476024,2016
1948,52.0355327333333,52.88447673333333,0.016052801359476024,2016
1949,52.037947673333306,52.88447673333333,0.016007136919754222,2016
1950,52.037947673333306,52.88447673333333,0.016007136919754222,2016
1951,52.048724920000005,52.88447673333333,0.01580334844849748,2016
1952,52.048724920000005,52.88447673333333,0.01580334844849748,2016
1953,52.04878544166668,52.88447673333333,0.015802204035799957,2016
1954,52.04878544166668,52.88447673333333,0.015802204035799957,2016
1955,52.05729647999992,52.88447673333333,0.01564126761628775,2016
1956,52.05729647999992,52.88447673333333,0.01564126761628775,2016
1957,52.08655471166667,52.88447673333333,0.01508801960337302,2017
1958,52.08655471166667,52.88447673333333,0.01508801960337302,2017
1959,52.08694228000009,52.88447673333333,0.015080691019309115,2017
1960,52.08694228000009,52.88447673333333,0.015080691019309115,2018
1961,52.096364866666626,52.88447673333333,0.014902518004304144,2018
1962,52.096364866666626,52.88447673333333,0.014902518004304144,2018
1963,52.09782478833337,52.88447673333333,0.014874912140411322,2018
1964,52.09782478833337,52.88447673333333,0.014874912140411322,2018
1965,52.098396433333384,52.88447673333333,0.014864102824798775,2018
1966,52.098396433333384,52.88447673333333,0.014864102824798775,2018
1967,52.10240633999999,52.88447673333333,0.014788278936310234,2018
1968,52.10240633999999,52.88447673333333,0.014788278936310234,2018
1969,52.108302743333354,52.88447673333333,0.014676783017326316,2018
1970,52.108302743333354,52.88447673333333,0.014676783017326316,2018
1971,52.14490788,52.88447673333333,0.013984611345642335,2018
1972,52.14490788,52.88447673333333,0.013984611345642335,2018
1973,52.14759449666667,52.88447673333333,0.013933809733664225,2019
1974,52.14759449666667,52.88447673333333,0.013933809733664225,2019
1975,52.15186130666668,52.88447673333333,0.01385312802395333,2019
1976,52.15186130666668,52.88447673333333,0.01385312802395333,2019
1977,52.15208713999998,52.88447673333333,0.013848857709727951,2020
1978,52.15208713999998,52.88447673333333,0.013848857709727951,2020
1979,52.15271269000002,52.88447673333333,0.01383702909689702,2020
1980,52.15271269000002,52.88447673333333,0.01383702909689702,2020
1981,52.157096903333326,52.88447673333333,0.013754127391063567,2020
1982,52.157096903333326,52.88447673333333,0.013754127391063567,2020
1983,52.16087990333336,52.88447673333333,0.013682594112610049,2020
1984,52.16087990333336,52.88447673333333,0.013682594112610049,2020
1985,52.163726009999976,52.88447673333333,0.013628776681817114,2021
1986,52.163726009999976,52.88447673333333,0.013628776681817114,2021
1987,52.164832206414545,52.88447673333333,0.01360785945841059,2021
1988,52.164832206414545,52.88447673333333,0.01360785945841059,2022
1989,52.1663729872152,52.88447673333333,0.013578724617795222,2022
1990,52.1663729872152,52.88447673333333,0.013578724617795222,2022
1991,52.16744640999999,52.88447673333333,0.013558427115558325,2022
1992,52.16744640999999,52.88447673333333,0.013558427115558325,2022
1993,52.16997869666667,52.88447673333333,0.01351054375123107,2022
1994,52.16997869666667,52.88447673333333,0.01351054375123107,2022
1995,52.17273088999998,52.88447673333333,0.01345850214085091,2022
1996,52.17273088999998,52.88447673333333,0.01345850214085091,2022
1997,52.18267714333332,52.88447673333333,0.013270427039276346,2022
1998,52.18267714333332,52.88447673333333,0.013270427039276346,2022
1999,52.18579841166671,52.88447673333333,0.013211406537870488,2022
2000,52.18579841166671,52.88447673333333,0.013211406537870488,2022
2001,52.187190676666674,52.88447673333333,0.013185080003394509,2022
2002,52.187190676666674,52.88447673333333,0.013185080003394509,2022
2003,52.19490981000003,52.88447673333333,0.013039117826775531,2023
2004,52.19490981000003,52.88447673333333,0.013039117826775531,2023
2005,52.19996316999998,52.88447673333333,0.01294356313261761,2024
2006,52.19996316999998,52.88447673333333,0.01294356313261761,2024
2007,52.20205819666671,52.88447673333333,0.012903947979057634,2024
2008,52.20205819666671,52.88447673333333,0.012903947979057634,2024
2009,52.2029633416667,52.88447673333333,0.012886832465093976,2024
2010,52.2029633416667,52.88447673333333,0.012886832465093976,2024
2011,52.20331676333333,52.88447673333333,0.012880149565149383,2024
2012,52.20331676333333,52.88447673333333,0.012880149565149383,2025
2013,52.20586194333334,52.88447673333333,0.012832022398970931,2025
2014,52.20586194333334,52.88447673333333,0.012832022398970931,2025
2015,52.2114086666667,52.88447673333333,0.012727138628231757,2025
2016,52.2114086666667,52.88447673333333,0.012727138628231757,2025
2017,52.22099907666666,52.88447673333333,0.012545792218238563,2025
2018,52.22099907666666,52.88447673333333,0.012545792218238563,2025
2019,52.228552998608066,52.88447673333333,0.012402954047039508,2025
2020,52.228552998608066,52.88447673333333,0.012402954047039508,2025
2021,52.23292419999999,52.88447673333333,0.012320298385833523,2026
2022,52.23292419999999,52.88447673333333,0.012320298385833523,2026
2023,52.23896807666665,52.88447673333333,0.012206013872872658,2026
2024,52.23896807666665,52.88447673333333,0.012206013872872658,2026
2025,52.2391443877777,52.88447673333333,0.012202679981304877,2026
2026,52.2391443877777,52.88447673333333,0.012202679981304877,2026
2027,52.250198476666654,52.88447673333333,0.011993656661575458,2027
2028,52.250198476666654,52.88447673333333,0.011993656661575458,2027
2029,52.25217438666668,52.88447673333333,0.01195629390180021,2027
2030,52.25217438666668,52.88447673333333,0.01195629390180021,2027
2031,52.25761875666666,52.88447673333333,0.011853345544621016,2027
2032,52.25761875666666,52.88447673333333,0.011853345544621016,2027
2033,52.26882609333335,52.88447673333333,0.011641424441133396,2027
2034,52.26882609333335,52.88447673333333,0.011641424441133396,2027
2035,52.27360477500001,52.88447673333333,0.011551063678167857,2027
2036,52.27360477500001,52.88447673333333,0.011551063678167857,2027
2037,52.28333502333335,52.88447673333333,0.01136707304548362,2027
2038,52.28333502333335,52.88447673333333,0.01136707304548362,2027
2039,52.30790918833334,52.88447673333333,0.010902396707209466,2027
2040,52.30790918833334,52.88447673333333,0.010902396707209466,2027
2041,52.328764496666665,52.88447673333333,0.010508040752087024,2027
2042,52.328764496666665,52.88447673333333,0.010508040752087024,2027
2043,52.35254338833339,52.88447673333333,0.0100584023489952,2028
2044,52.35254338833339,52.88447673333333,0.0100584023489952,2028
2045,52.36676772,52.88447673333333,0.009789432463213094,2028
2046,52.36676772,52.88447673333333,0.009789432463213094,2028
2047,52.36687967333336,52.88447673333333,0.009787315521904894,2028
2048,52.36687967333336,52.88447673333333,0.009787315521904894,2028
2049,52.381188273333336,52.88447673333333,0.009516752194368752,2028
2050,52.381188273333336,52.88447673333333,0.009516752194368752,2028
2051,52.38622500999999,52.88447673333333,0.009421511833155557,2028
2052,52.38622500999999,52.88447673333333,0.009421511833155557,2028
2053,52.38638331666667,52.88447673333333,0.009418518390155731,2028
2054,52.38638331666667,52.88447673333333,0.009418518390155731,2028
2055,52.39428612333335,52.88447673333333,0.00926908310867352,2028
2056,52.39428612333335,52.88447673333333,0.00926908310867352,2028
2057,52.4064694456367,52.88447673333333,0.009038706955671494,2028
2058,52.4064694456367,52.88447673333333,0.009038706955671494,2028
2059,52.40927663666669,52.88447673333333,0.008985625386118632,2028
2060,52.40927663666669,52.88447673333333,0.008985625386118632,2028
2061,52.41010004999999,52.88447673333333,0.00897005534772244,2028
2062,52.41010004999999,52.88447673333333,0.00897005534772244,2028
2063,52.41225766666666,52.88447673333333,0.008929256671060638,2029
2064,52.41225766666666,52.88447673333333,0.008929256671060638,2029
2065,52.43226517724882,52.88447673333333,0.008550931842717383,2029
2066,52.43226517724882,52.88447673333333,0.008550931842717383,2029
2067,52.441181553333365,52.88447673333333,0.008382330834722115,2029
2068,52.441181553333365,52.88447673333333,0.008382330834722115,2029
2069,52.44648127000002,52.88447673333333,0.008282117747744263,2030
2070,52.44648127000002,52.88447673333333,0.008282117747744263,2030
2071,52.45204692833336,52.88447673333333,0.00817687593243042,2030
2072,52.45204692833336,52.88447673333333,0.00817687593243042,2030
2073,52.453087108333364,52.88447673333333,0.008157207022681174,2030
2074,52.453087108333364,52.88447673333333,0.008157207022681174,2030
2075,52.4676885566667,52.88447673333333,0.007881106184868893,2030
2076,52.4676885566667,52.88447673333333,0.007881106184868893,2030
2077,52.46996561833334,52.88447673333333,0.007838048905922537,2030
2078,52.46996561833334,52.88447673333333,0.007838048905922537,2030
2079,52.47428662333333,52.88447673333333,0.007756342415343543,2030
2080,52.47428662333333,52.88447673333333,0.007756342415343543,2030
2081,52.491498383075005,52.88447673333333,0.007430882832402666,2030
2082,52.491498383075005,52.88447673333333,0.007430882832402666,2030
2083,52.50831090333332,52.88447673333333,0.007112972524939688,2030
2084,52.50831090333332,52.88447673333333,0.007112972524939688,2030
2085,52.51245381999994,52.88447673333333,0.00703463353167492,2030
2086,52.51245381999994,52.88447673333333,0.00703463353167492,2030
2087,52.51672064660149,52.88447673333333,0.006953951508043179,2030
2088,52.51672064660149,52.88447673333333,0.006953951508043179,2030
2089,52.529949156666675,52.88447673333333,0.006703811752819983,2030
2090,52.529949156666675,52.88447673333333,0.006703811752819983,2030
2091,52.54196660333333,52.88447673333333,0.006476572165535206,2030
2092,52.54196660333333,52.88447673333333,0.006476572165535206,2030
2093,52.54507328999998,52.88447673333333,0.006417827390914097,2030
2094,52.54507328999998,52.88447673333333,0.006417827390914097,2030
2095,52.553608203333326,52.88447673333333,0.006256439515670874,2030
2096,52.553608203333326,52.88447673333333,0.006256439515670874,2030
2097,52.56448473333333,52.88447673333333,0.0060507736819168855,2030
2098,52.56448473333333,52.88447673333333,0.0060507736819168855,2030
2099,52.564919006666656,52.88447673333333,0.00604256194644835,2030
2100,52.564919006666656,52.88447673333333,0.00604256194644835,2030
2101,52.58072349666665,52.88447673333333,0.005743712624752558,2030
2102,52.58072349666665,52.88447673333333,0.005743712624752558,2030
2103,52.58614661000003,52.88447673333333,0.005641166212868322,2030
2104,52.58614661000003,52.88447673333333,0.005641166212868322,2030
2105,52.59563874333335,52.88447673333333,0.005461678130170858,2030
2106,52.59563874333335,52.88447673333333,0.005461678130170858,2030
2107,52.60061680999998,52.88447673333333,0.0053675471682304516,2030
2108,52.60061680999998,52.88447673333333,0.0053675471682304516,2030
2109,52.60111080999998,52.88447673333333,0.005358206052831045,2030
2110,52.60111080999998,52.88447673333333,0.005358206052831045,2030
2111,52.61554145333331,52.88447673333333,0.005085334990759416,2030
2112,52.61554145333331,52.88447673333333,0.005085334990759416,2030
2113,52.61555601000001,52.88447673333333,0.00508505973670369,2030
2114,52.61555601000001,52.88447673333333,0.00508505973670369,2030
2115,52.62301486999997,52.88447673333333,0.004944019105110263,2030
2116,52.62301486999997,52.88447673333333,0.004944019105110263,2030
2117,52.62352629333333,52.88447673333333,0.00493434852945276,2030
2118,52.62352629333333,52.88447673333333,0.00493434852945276,2030
2119,52.623831196666686,52.88447673333333,0.004928583069488097,2030
2120,52.623831196666686,52.88447673333333,0.004928583069488097,2030
2121,52.624082743333375,52.88447673333333,0.004923826538229262,2030
2122,52.624082743333375,52.88447673333333,0.004923826538229262,2030
2123,52.626077848333374,52.88447673333333,0.004886100817502949,2030
2124,52.626077848333374,52.88447673333333,0.004886100817502949,2030
2125,52.64009883666667,52.88447673333333,0.004620975979377144,2030
2126,52.64009883666667,52.88447673333333,0.004620975979377144,2030
2127,52.65599867666667,52.88447673333333,0.004320323671135976,2030
2128,52.65599867666667,52.88447673333333,0.004320323671135976,2030
2129,52.657725164444386,52.88447673333333,0.004287677271202358,2030
2130,52.657725164444386,52.88447673333333,0.004287677271202358,2030
2131,52.657780720774404,52.88447673333333,0.00428662674875324,2030
2132,52.657780720774404,52.88447673333333,0.00428662674875324,2030
2133,52.66117514166669,52.88447673333333,0.0042224411672374985,2030
2134,52.66117514166669,52.88447673333333,0.0042224411672374985,2030
2135,52.675815079999964,52.88447673333333,0.003945612516609151,2030
2136,52.675815079999964,52.88447673333333,0.003945612516609151,2030
2137,52.68431968333333,52.88447673333333,0.003784797777413603,2030
2138,52.68431968333333,52.88447673333333,0.003784797777413603,2030
2139,52.687987636666705,52.88447673333333,0.003715439932542183,2030
2140,52.687987636666705,52.88447673333333,0.003715439932542183,2030
2141,52.690294303333346,52.88447673333333,0.0036718228484917508,2030
2142,52.690294303333346,52.88447673333333,0.0036718228484917508,2030
2143,52.69071143333332,52.88447673333333,0.0036639352787219415,2030
2144,52.69071143333332,52.88447673333333,0.0036639352787219415,2030
2145,52.696661395000035,52.88447673333333,0.0035514266176886167,2030
2146,52.696661395000035,52.88447673333333,0.0035514266176886167,2030
2147,52.696963557764946,52.88447673333333,0.003545712979517739,2030
2148,52.696963557764946,52.88447673333333,0.003545712979517739,2030
2149,52.71537559333331,52.88447673333333,0.0031975572123498232,2030
2150,52.71537559333331,52.88447673333333,0.0031975572123498232,2030
2151,52.71782711166662,52.88447673333333,0.0031512011077849435,2030
2152,52.71782711166662,52.88447673333333,0.0031512011077849435,2030
2153,52.72726092833335,52.88447673333333,0.002972815743128734,2030
2154,52.72726092833335,52.88447673333333,0.002972815743128734,2030
2155,52.73042039499998,52.88447673333333,0.002913072944073309,2030
2156,52.73042039499998,52.88447673333333,0.002913072944073309,2030
2157,52.73457673,52.88447673333333,0.002834480221657298,2030
2158,52.73457673,52.88447673333333,0.002834480221657298,2031
2159,52.739650556666675,52.88447673333333,0.0027385385204231425,2031
2160,52.739650556666675,52.88447673333333,0.0027385385204231425,2031
2161,52.74157902333335,52.88447673333333,0.0027020728733032793,2031
2162,52.74157902333335,52.88447673333333,0.0027020728733032793,2031
2163,52.746571859662254,52.88447673333333,0.0026076626297439312,2031
2164,52.746571859662254,52.88447673333333,0.0026076626297439312,2032
2165,52.74887016999999,52.88447673333333,0.0025642035566907037,2032
2166,52.74887016999999,52.88447673333333,0.0025642035566907037,2032
2167,52.760532743333314,52.88447673333333,0.0023436743191200477,2032
2168,52.760532743333314,52.88447673333333,0.0023436743191200477,2032
2169,52.76667847666667,52.88447673333333,0.0022274637841393488,2032
2170,52.76667847666667,52.88447673333333,0.0022274637841393488,2032
2171,52.770712235022145,52.88447673333333,0.002151188880715119,2032
2172,52.770712235022145,52.88447673333333,0.002151188880715119,2032
2173,52.77843786333332,52.88447673333333,0.0020051038896480057,2032
2174,52.77843786333332,52.88447673333333,0.0020051038896480057,2032
2175,52.78557593333336,52.88447673333333,0.0018701291212290566,2032
2176,52.78557593333336,52.88447673333333,0.0018701291212290566,2032
2177,52.805054959999985,52.88447673333333,0.0015017974694885104,2032
2178,52.805054959999985,52.88447673333333,0.0015017974694885104,2032
2179,52.81134580999996,52.88447673333333,0.0013828429030719968,2032
2180,52.81134580999996,52.88447673333333,0.0013828429030719968,2032
2181,52.82202147666668,52.88447673333333,0.0011809752223053852,2032
2182,52.82202147666668,52.88447673333333,0.0011809752223053852,2032
2183,52.82210522666671,52.88447673333333,0.0011793915817892384,2032
2184,52.82210522666671,52.88447673333333,0.0011793915817892384,2032
2185,52.82590907999999,52.88447673333333,0.0011074639847277864,2032
2186,52.82590907999999,52.88447673333333,0.0011074639847277864,2032
2187,52.826883543333295,52.88447673333333,0.0010890377206612862,2032
2188,52.826883543333295,52.88447673333333,0.0010890377206612862,2032
2189,52.844274810000016,52.88447673333333,0.0007601838160568214,2032
